,스타벅스매장수
서교동_2014_2,4
서교동_2014_3,4
서교동_2014_4,5
서교동_2015_1,5
서교동_2015_2,5
서교동_2015_3,5
서교동_2015_4,5
서교동_2016_1,6
서교동_2016_2,6
서교동_2016_3,6
서교동_2016_4,6
서교동_2017_1,6
서교동_2017_2,6
서교동_2017_3,6
서교동_2017_4,6
서교동_2018_1,7
서교동_2018_2,8
서교동_2018_3,8
서교동_2018_4,7
서교동_2019_1,7
서교동_2019_2,7
서교동_2019_3,7
서교동_2019_4,7
신사동_2014_1,6
신사동_2014_2,6
신사동_2014_3,6
신사동_2014_4,6
신사동_2015_1,6
신사동_2015_2,6
신사동_2015_3,6
신사동_2015_4,6
대치동_2014_1,8
대치동_2014_2,8
대치동_2014_3,9
대치동_2014_4,9
대치동_2015_1,9
대치동_2015_2,9
대치동_2015_3,9
대치동_2015_4,9
대치동_2016_1,9
대치동_2016_2,10
대치동_2016_3,11
대치동_2016_4,11
대치동_2017_1,11
대치동_2017_2,11
대치동_2017_3,11
대치동_2017_4,11
천호동_2014_1,2
천호동_2014_2,2
천호동_2014_3,2
전농동_2014_1,1
전농동_2014_2,1
전농동_2014_3,1
전농동_2014_4,1
전농동_2015_1,1
전농동_2015_2,1
전농동_2015_3,1
전농동_2015_4,1
전농동_2016_1,1
전농동_2016_2,1
전농동_2016_3,1
전농동_2016_4,1
전농동_2017_1,1
전농동_2017_2,1
전농동_2017_3,1
전농동_2017_4,1
전농동_2018_1,1
전농동_2018_2,1
전농동_2018_3,1
전농동_2018_4,1
전농동_2019_1,1
공덕동_2014_1,1
공덕동_2014_2,1
공덕동_2014_3,1
공덕동_2014_4,1
공덕동_2015_1,1
공덕동_2015_2,1
공덕동_2015_3,1
공덕동_2015_4,1
공덕동_2016_1,1
공덕동_2016_2,1
공덕동_2016_3,1
공덕동_2016_4,1
공덕동_2017_1,1
공덕동_2017_2,1
공덕동_2017_3,1
공덕동_2017_4,1
공덕동_2018_1,2
공덕동_2018_2,2
공덕동_2018_3,2
공덕동_2018_4,2
공덕동_2019_1,2
공덕동_2019_2,2
공덕동_2019_3,2
삼성동_2014_1,8
삼성동_2014_2,7
삼성동_2014_3,7
삼성동_2014_4,7
삼성동_2015_1,7
삼성동_2015_2,7
삼성동_2015_3,8
삼성동_2015_4,8
삼성동_2016_1,9
삼성동_2016_2,9
삼성동_2016_3,9
삼성동_2016_4,9
삼성동_2017_1,9
삼성동_2017_2,10
삼성동_2017_3,10
삼성동_2017_4,10
삼성동_2018_1,12
삼성동_2018_2,12
삼성동_2018_3,12
삼성동_2018_4,12
삼성동_2019_1,12
삼성동_2019_2,12
삼성동_2019_3,12
삼성동_2019_4,12
삼성동_2020_1,12
삼성동_2020_2,14
삼성동_2020_3,14
삼성동_2020_4,15
서교동_2014_1,3
서교동_2020_1,6
서교동_2020_2,6
서교동_2020_3,6
서교동_2020_4,6
서교동_2021_1,6
역삼동_2014_1,17
역삼동_2014_2,17
역삼동_2014_3,17
역삼동_2014_4,17
역삼동_2015_1,17
역삼동_2015_2,17
역삼동_2015_3,17
역삼동_2015_4,17
역삼동_2016_1,17
역삼동_2016_2,17
역삼동_2016_3,17
역삼동_2016_4,18
역삼동_2017_1,18
역삼동_2017_2,18
역삼동_2017_3,20
역삼동_2017_4,20
역삼동_2018_1,20
역삼동_2018_2,20
역삼동_2018_3,20
역삼동_2018_4,20
역삼동_2019_1,20
역삼동_2019_2,21
역삼동_2019_3,22
역삼동_2019_4,22
역삼동_2020_1,22
역삼동_2020_2,22
역삼동_2020_3,22
역삼동_2020_4,24
역삼동_2021_1,24
역삼동_2021_2,24
수서동_2014_1,1
수서동_2014_2,1
수서동_2014_3,1
수서동_2014_4,1
수서동_2015_1,1
수서동_2015_2,1
수서동_2015_3,1
수서동_2015_4,1
수서동_2016_1,1
수서동_2016_2,1
수서동_2016_3,1
수서동_2016_4,1
수서동_2017_1,1
수서동_2017_2,1
수서동_2017_3,1
수서동_2017_4,1
수서동_2018_1,1
수서동_2018_2,2
수서동_2018_3,2
수서동_2018_4,2
수서동_2019_1,2
수서동_2019_2,2
수서동_2019_3,2
수서동_2019_4,2
수서동_2020_1,2
수서동_2020_2,2
수서동_2020_3,2
수서동_2020_4,2
수서동_2021_1,2
수서동_2021_2,2
수서동_2021_3,1
합정동_2014_1,1
합정동_2014_2,1
합정동_2014_3,1
합정동_2014_4,1
합정동_2015_1,1
합정동_2015_2,1
합정동_2015_3,1
합정동_2015_4,1
합정동_2016_1,1
합정동_2016_2,2
합정동_2016_3,2
인사동_2014_1,1
인사동_2014_2,1
인사동_2014_3,1
인사동_2014_4,1
인사동_2015_1,1
인사동_2015_2,1
인사동_2015_3,1
인사동_2015_4,1
인사동_2016_1,1
인사동_2016_2,1
인사동_2016_3,1
인사동_2016_4,1
인사동_2017_1,1
인사동_2017_2,1
인사동_2017_3,1
인사동_2017_4,1
인사동_2018_1,1
인사동_2018_2,1
인사동_2018_3,1
인사동_2018_4,1
인사동_2019_1,1
인사동_2019_2,1
인사동_2019_3,1
인사동_2019_4,1
관철동_2014_1,3
관철동_2014_2,3
관철동_2014_3,3
관철동_2014_4,3
관철동_2015_1,3
관철동_2015_2,3
관철동_2015_3,3
관철동_2015_4,3
관철동_2016_1,3
관철동_2016_2,3
관철동_2016_3,3
관철동_2016_4,3
관철동_2017_1,3
관철동_2017_2,3
관철동_2017_3,3
관철동_2017_4,3
관철동_2018_1,3
관철동_2018_2,3
관철동_2018_3,3
관철동_2018_4,3
관철동_2019_1,3
관철동_2019_2,3
관철동_2019_3,3
관철동_2019_4,3
당산동6가_2014_1,2
당산동6가_2014_2,2
당산동6가_2014_3,2
당산동6가_2014_4,2
당산동6가_2015_1,2
당산동6가_2015_2,2
당산동6가_2015_3,2
당산동6가_2015_4,2
당산동6가_2016_1,2
당산동6가_2016_2,2
당산동6가_2016_3,2
당산동6가_2016_4,2
당산동6가_2017_1,2
당산동6가_2017_2,2
당산동6가_2017_3,2
당산동6가_2017_4,2
당산동6가_2018_1,2
당산동6가_2018_2,3
당산동6가_2018_3,3
당산동6가_2018_4,3
당산동6가_2019_1,3
당산동6가_2019_2,3
당산동6가_2019_3,3
당산동6가_2019_4,3
당산동6가_2020_1,3
당산동6가_2020_2,3
당산동6가_2020_3,3
관철동_2020_1,2
관철동_2020_2,2
관철동_2020_3,2
관철동_2020_4,2
관철동_2021_1,2
평창동_2014_1,1
평창동_2014_2,1
평창동_2014_3,1
평창동_2014_4,1
평창동_2015_1,1
평창동_2015_2,1
평창동_2015_3,1
평창동_2015_4,1
평창동_2016_1,1
평창동_2016_2,1
평창동_2016_3,1
평창동_2016_4,1
평창동_2017_1,1
평창동_2017_2,1
평창동_2017_3,1
평창동_2017_4,1
평창동_2018_1,1
평창동_2018_2,1
평창동_2018_3,1
평창동_2018_4,2
평창동_2019_1,2
종로2가_2017_4,2
서초동_2014_1,17
서초동_2014_2,18
여의도동_2014_1,12
여의도동_2014_2,12
여의도동_2014_3,12
여의도동_2014_4,13
여의도동_2015_1,14
여의도동_2015_2,14
여의도동_2015_3,13
여의도동_2015_4,13
여의도동_2016_1,14
여의도동_2016_2,14
여의도동_2016_3,14
여의도동_2016_4,16
여의도동_2017_1,16
여의도동_2017_2,17
여의도동_2017_3,17
여의도동_2017_4,17
여의도동_2018_1,19
여의도동_2018_2,19
여의도동_2018_3,19
여의도동_2018_4,19
동숭동_2014_1,3
동숭동_2014_2,3
동숭동_2014_3,3
동숭동_2014_4,3
동숭동_2015_1,3
동숭동_2015_2,3
동숭동_2015_3,3
동숭동_2015_4,3
동숭동_2016_1,3
동숭동_2016_2,3
동숭동_2016_3,3
동숭동_2016_4,3
동숭동_2017_1,3
동숭동_2017_2,3
동숭동_2017_3,3
동숭동_2017_4,3
동숭동_2018_1,3
동숭동_2018_2,3
동숭동_2018_3,3
동숭동_2018_4,4
방이동_2014_1,2
방이동_2014_2,3
방이동_2014_3,3
방이동_2014_4,3
방이동_2015_1,3
방이동_2015_2,3
공릉동_2014_1,1
공릉동_2014_2,1
공릉동_2014_3,1
공릉동_2014_4,1
공릉동_2015_1,1
공릉동_2015_2,1
공릉동_2015_3,1
공릉동_2015_4,1
공릉동_2016_1,1
공릉동_2016_2,1
공릉동_2016_3,1
공릉동_2016_4,1
공릉동_2017_1,1
공릉동_2017_2,1
공릉동_2017_3,2
공릉동_2017_4,2
공릉동_2018_1,2
공릉동_2018_2,3
공릉동_2018_3,3
공릉동_2018_4,3
공릉동_2019_1,3
공릉동_2019_2,3
공릉동_2019_3,3
공릉동_2019_4,3
공릉동_2020_1,3
공릉동_2020_2,3
공릉동_2020_3,3
천호동_2015_3,3
천호동_2015_4,3
천호동_2016_1,3
천호동_2016_2,3
천호동_2016_3,4
천호동_2016_4,4
천호동_2017_1,4
천호동_2017_2,4
천호동_2017_3,4
천호동_2017_4,4
천호동_2018_1,4
천호동_2018_2,4
천호동_2018_3,4
천호동_2018_4,4
성내동_2014_2,2
성내동_2014_3,2
성내동_2014_4,2
성내동_2015_1,2
성내동_2015_2,2
성내동_2015_3,2
성내동_2015_4,2
성내동_2016_1,3
성내동_2016_2,3
성내동_2016_3,3
성내동_2016_4,3
성내동_2017_1,3
성내동_2017_2,3
성내동_2017_3,3
성내동_2017_4,3
성내동_2018_1,3
성내동_2018_2,3
성내동_2018_3,3
성내동_2018_4,3
성내동_2019_1,3
성내동_2019_2,4
성내동_2019_3,4
성내동_2019_4,4
성내동_2020_1,4
성내동_2020_2,4
성내동_2020_3,4
성내동_2020_4,4
성내동_2021_1,4
성내동_2021_2,4
성내동_2021_3,1
화곡동_2014_1,2
화곡동_2014_2,2
화곡동_2014_3,2
화곡동_2014_4,2
화곡동_2015_1,3
화곡동_2015_2,3
화곡동_2015_3,3
화곡동_2015_4,3
화곡동_2016_1,3
화곡동_2016_2,3
화곡동_2016_3,3
화곡동_2016_4,4
화곡동_2017_1,4
화곡동_2017_2,4
화곡동_2017_3,4
신대방동_2014_1,1
신대방동_2014_2,1
신대방동_2014_3,1
신대방동_2014_4,1
신대방동_2015_1,1
신대방동_2015_2,1
신대방동_2015_3,1
신대방동_2015_4,1
신대방동_2016_1,1
신대방동_2016_2,1
신대방동_2016_3,1
신대방동_2016_4,1
신대방동_2017_1,1
신대방동_2017_2,1
신대방동_2017_3,1
신대방동_2017_4,1
신대방동_2018_1,1
신대방동_2018_2,1
신대방동_2018_3,1
신대방동_2018_4,1
신대방동_2019_1,2
길동_2014_1,1
길동_2014_2,2
길동_2014_3,2
길동_2014_4,2
길동_2015_1,2
길동_2015_2,2
길동_2015_3,2
길동_2015_4,2
길동_2016_1,2
길동_2016_2,2
길동_2016_3,2
길동_2016_4,2
길동_2017_1,2
길동_2017_2,2
길동_2017_3,2
길동_2017_4,2
길동_2018_1,2
길동_2018_2,2
길동_2018_3,2
길동_2018_4,2
길동_2019_1,2
길동_2019_2,2
길동_2019_3,2
길동_2019_4,2
길동_2020_1,2
길동_2020_2,2
길동_2020_3,3
양재동_2014_1,3
양재동_2014_2,3
양재동_2014_3,4
명동1가_2014_1,2
명동1가_2014_2,2
명동1가_2014_3,2
명동1가_2014_4,2
저동1가_2014_1,1
저동1가_2014_2,1
저동1가_2014_3,1
저동1가_2014_4,1
저동1가_2015_1,1
저동1가_2015_2,1
저동1가_2015_3,1
저동1가_2015_4,1
저동1가_2016_1,1
을지로2가_2014_1,4
을지로2가_2014_2,5
을지로2가_2014_3,5
을지로2가_2014_4,5
을지로2가_2015_1,4
을지로2가_2015_2,4
을지로2가_2015_3,4
을지로2가_2015_4,4
을지로2가_2016_1,4
을지로2가_2016_2,5
방배동_2014_1,4
방배동_2014_2,4
방배동_2014_3,5
방배동_2014_4,5
방배동_2015_1,5
방배동_2015_2,5
방배동_2015_3,5
방배동_2015_4,7
방배동_2016_1,7
방배동_2016_2,7
방배동_2016_3,7
방배동_2016_4,7
방배동_2017_1,7
방배동_2017_2,7
방배동_2017_3,8
방배동_2017_4,8
방배동_2018_1,8
방배동_2018_2,9
방배동_2018_3,9
서초동_2014_3,17
서초동_2014_4,17
서초동_2015_1,17
서초동_2015_2,17
서초동_2015_3,17
서초동_2015_4,17
서초동_2016_1,17
서초동_2016_2,18
서초동_2016_3,18
서초동_2016_4,18
서초동_2017_1,18
서초동_2017_2,18
서초동_2017_3,18
서초동_2017_4,19
서초동_2018_1,21
여의도동_2019_1,18
여의도동_2019_2,19
여의도동_2019_3,19
여의도동_2019_4,19
여의도동_2020_1,18
여의도동_2020_2,18
반포동_2014_1,5
반포동_2014_2,6
반포동_2014_3,6
반포동_2014_4,6
반포동_2015_1,6
반포동_2015_2,6
반포동_2015_3,6
반포동_2015_4,6
반포동_2016_1,6
반포동_2016_2,6
반포동_2016_3,6
반포동_2016_4,6
반포동_2017_1,7
명동2가_2014_1,2
명동2가_2014_2,2
명동2가_2014_3,2
명동2가_2014_4,2
명동2가_2015_1,2
명동2가_2015_2,4
명동2가_2015_3,4
충무로1가_2014_1,3
충무로1가_2014_2,3
충무로1가_2014_3,3
충무로2가_2014_1,1
충무로2가_2014_2,1
충무로2가_2014_3,1
충무로2가_2014_4,1
충무로2가_2015_1,1
충무로2가_2015_2,1
충무로2가_2015_3,1
충무로1가_2014_4,2
명동2가_2015_4,4
명동2가_2016_1,4
명동2가_2016_2,4
창천동_2014_1,7
창천동_2014_2,7
창천동_2014_3,7
창천동_2014_4,7
창천동_2015_1,7
창천동_2015_2,7
창천동_2015_3,7
창천동_2015_4,7
창천동_2016_1,7
창천동_2016_2,7
창천동_2016_3,7
창천동_2016_4,7
창천동_2017_1,7
창천동_2017_2,7
창천동_2017_3,6
창천동_2017_4,7
창천동_2018_1,7
창천동_2018_2,7
창천동_2018_3,7
창천동_2018_4,7
창천동_2019_1,7
창천동_2019_2,7
창천동_2019_3,7
창천동_2019_4,7
창천동_2020_1,6
창천동_2020_2,6
목동_2014_1,6
목동_2014_2,6
목동_2014_3,6
목동_2014_4,7
목동_2015_1,7
목동_2015_2,7
목동_2015_3,8
한남동_2014_1,2
한남동_2014_2,2
한남동_2014_3,2
한남동_2014_4,2
한남동_2015_1,2
한남동_2015_2,2
한남동_2015_3,2
한남동_2015_4,2
한남동_2016_1,2
한남동_2016_2,2
한남동_2016_3,3
한남동_2016_4,3
한남동_2017_1,3
한남동_2017_2,3
한남동_2017_3,3
한남동_2017_4,3
한남동_2018_1,4
한남동_2018_2,3
한남동_2018_3,3
한남동_2018_4,3
한남동_2019_1,3
한남동_2019_2,3
한남동_2019_3,3
한남동_2019_4,3
한남동_2020_1,3
한남동_2020_2,3
한남동_2020_3,3
행당동_2014_4,3
행당동_2015_1,3
행당동_2015_2,3
행당동_2015_3,3
행당동_2015_4,3
행당동_2016_1,3
행당동_2016_2,3
행당동_2016_3,3
행당동_2016_4,3
행당동_2017_1,3
행당동_2017_2,3
행당동_2017_3,3
행당동_2017_4,3
행당동_2018_1,3
행당동_2018_2,3
행당동_2018_3,3
행당동_2018_4,3
행당동_2019_1,3
행당동_2019_2,3
행당동_2019_3,3
행당동_2019_4,3
행당동_2020_1,3
행당동_2020_2,3
행당동_2020_3,3
행당동_2020_4,3
행당동_2021_1,3
이태원동_2014_1,2
이태원동_2014_2,2
이태원동_2014_3,2
이태원동_2014_4,1
이태원동_2015_1,1
이태원동_2015_2,1
이태원동_2015_3,1
이태원동_2015_4,1
이태원동_2016_1,1
이태원동_2016_2,1
이태원동_2016_3,1
이태원동_2016_4,1
이태원동_2017_1,1
이태원동_2017_2,1
이태원동_2017_3,1
이태원동_2017_4,1
이태원동_2018_1,1
이태원동_2018_2,1
목동_2015_4,7
목동_2016_1,7
목동_2016_2,7
목동_2016_3,8
목동_2016_4,8
목동_2017_1,8
목동_2017_2,8
목동_2017_3,8
목동_2017_4,8
목동_2018_1,8
목동_2018_2,8
목동_2018_3,9
목동_2018_4,10
목동_2019_1,10
목동_2019_2,10
목동_2019_3,10
목동_2019_4,11
목동_2020_1,11
목동_2020_2,11
목동_2020_3,12
안암동5가_2014_1,3
안암동5가_2014_2,3
안암동5가_2014_3,3
안암동5가_2014_4,3
안암동5가_2015_1,3
안암동5가_2015_2,3
안암동5가_2015_3,3
안암동5가_2015_4,3
안암동5가_2016_1,3
안암동5가_2016_2,3
안암동5가_2016_3,3
안암동5가_2016_4,3
안암동5가_2017_1,3
안암동5가_2017_2,3
안암동5가_2017_3,3
안암동5가_2017_4,3
안암동5가_2018_1,3
안암동5가_2018_2,3
안암동5가_2018_3,3
안암동5가_2018_4,3
안암동5가_2019_1,3
안암동5가_2019_2,3
안국동_2014_1,1
안국동_2014_2,1
안국동_2014_3,1
대조동_2014_1,2
대조동_2014_2,2
대조동_2014_3,2
대조동_2014_4,2
대조동_2015_1,2
대조동_2015_2,2
대조동_2015_3,2
대조동_2015_4,2
대조동_2016_1,2
대조동_2016_2,2
대조동_2016_3,2
대조동_2016_4,2
대조동_2017_1,2
대조동_2017_2,2
대조동_2017_3,2
대조동_2017_4,2
대조동_2018_1,2
대조동_2018_2,2
대조동_2018_3,2
대조동_2018_4,2
대조동_2019_1,2
대조동_2019_2,3
회현동2가_2014_1,1
회현동2가_2014_2,1
회현동2가_2014_3,1
회현동2가_2014_4,1
회현동2가_2015_1,1
회현동2가_2015_2,1
회현동2가_2015_3,1
회현동2가_2015_4,1
회현동2가_2016_1,1
회현동2가_2016_2,1
회현동2가_2016_3,1
회현동2가_2016_4,1
회현동2가_2017_1,1
회현동2가_2017_2,1
회현동2가_2017_3,1
회현동2가_2017_4,1
회현동2가_2018_1,1
회현동2가_2018_2,1
회현동2가_2018_3,1
회현동2가_2018_4,1
회현동2가_2019_1,1
회현동2가_2019_2,1
회현동2가_2019_3,1
회현동2가_2019_4,1
회현동2가_2020_1,1
회현동2가_2020_2,1
회현동2가_2020_3,1
회현동2가_2020_4,1
회현동2가_2021_1,1
남가좌동_2015_2,1
남가좌동_2015_3,1
남가좌동_2015_4,1
남가좌동_2016_1,1
남가좌동_2016_2,1
남가좌동_2016_3,1
남가좌동_2016_4,1
남가좌동_2017_1,1
남가좌동_2017_2,1
남가좌동_2017_3,1
남가좌동_2017_4,1
남가좌동_2018_1,1
남가좌동_2018_2,1
남가좌동_2018_3,1
남가좌동_2018_4,1
남가좌동_2019_1,1
남가좌동_2019_2,2
남가좌동_2019_3,2
남가좌동_2019_4,2
남가좌동_2020_1,2
남가좌동_2020_2,3
잠원동_2014_1,3
잠원동_2014_2,3
잠원동_2014_3,4
잠원동_2014_4,4
남대문로1가_2014_1,1
남대문로1가_2014_2,1
남대문로1가_2014_3,1
남대문로1가_2014_4,1
남대문로1가_2015_1,1
남대문로1가_2015_2,1
남대문로1가_2015_3,1
남대문로1가_2015_4,1
명동1가_2015_1,1
명동1가_2015_2,1
명동1가_2015_3,1
명동1가_2015_4,1
명동1가_2016_1,1
명동1가_2016_2,1
명동1가_2016_3,1
명동1가_2016_4,1
명동1가_2017_1,1
명동1가_2017_2,1
명동1가_2017_3,1
명동1가_2017_4,1
명동1가_2018_1,1
명동1가_2018_2,1
명동1가_2018_3,1
명동1가_2018_4,2
명동1가_2019_1,2
명동1가_2019_2,2
명동1가_2019_3,2
명동1가_2019_4,2
명동1가_2020_1,2
명동1가_2020_2,2
명동1가_2020_3,2
창천동_2021_1,6
창천동_2021_2,6
대치동_2021_1,15
대치동_2021_2,15
중화동_2020_4,1
중화동_2021_1,1
중화동_2021_2,1
한강로3가_2020_4,2
한강로3가_2021_1,2
한강로3가_2021_2,2
동교동_2021_1,4
동교동_2021_2,4
고덕동_2021_1,1
고덕동_2021_2,1
대치동_2020_4,14
사당동_2018_4,2
사당동_2019_1,2
사당동_2019_2,2
사당동_2019_3,3
사당동_2019_4,3
사당동_2020_1,3
사당동_2020_2,3
사당동_2020_3,3
사당동_2020_4,3
사당동_2021_1,3
사당동_2021_2,3
신천동_2018_4,4
신천동_2019_1,4
신천동_2019_2,4
신천동_2019_3,4
신천동_2019_4,4
신천동_2020_1,4
신천동_2020_2,4
신천동_2020_3,4
신천동_2020_4,4
신천동_2021_1,4
신천동_2021_2,4
명동1가_2020_4,1
명동1가_2021_1,1
명동1가_2021_2,1
명일동_2018_4,2
명일동_2019_1,2
명일동_2019_2,2
명일동_2019_3,2
명일동_2019_4,2
명일동_2020_1,2
명일동_2020_2,3
명일동_2020_3,3
명일동_2020_4,3
명일동_2021_1,3
명일동_2021_2,3
동숭동_2019_1,3
동숭동_2019_2,3
동숭동_2019_3,3
동숭동_2019_4,3
동숭동_2020_1,3
동숭동_2020_2,3
동숭동_2020_3,3
동숭동_2020_4,3
동숭동_2021_1,3
동숭동_2021_2,3
상암동_2015_1,3
상암동_2015_2,3
상암동_2015_3,3
상암동_2015_4,3
상암동_2016_1,3
상암동_2016_2,4
상암동_2016_3,4
상암동_2016_4,4
상암동_2017_1,4
상암동_2017_2,4
상암동_2017_3,4
상암동_2017_4,4
상암동_2018_1,4
상암동_2018_2,4
상암동_2018_3,4
상암동_2018_4,4
상암동_2019_1,4
상암동_2019_2,5
상암동_2019_3,5
상암동_2019_4,5
상암동_2020_1,5
상암동_2020_2,5
상암동_2020_3,5
상암동_2020_4,5
상암동_2021_1,5
상암동_2021_2,5
동교동_2014_1,2
동교동_2014_2,2
동교동_2014_3,2
동교동_2014_4,2
동교동_2015_1,2
동교동_2015_2,2
동교동_2015_3,2
동교동_2015_4,2
동교동_2016_1,2
동교동_2016_2,2
동교동_2016_3,2
동교동_2016_4,2
동교동_2017_1,2
동교동_2017_2,2
동교동_2017_3,2
동교동_2017_4,3
동교동_2018_1,3
동교동_2018_2,3
동교동_2018_3,3
동교동_2018_4,3
동교동_2019_1,3
동교동_2019_2,3
동교동_2019_3,3
동교동_2019_4,3
동교동_2020_1,3
동교동_2020_2,3
동교동_2020_3,3
동교동_2020_4,3
노고산동_2016_2,1
노고산동_2016_3,1
노고산동_2016_4,1
노고산동_2017_1,1
노고산동_2017_2,1
노고산동_2017_3,1
노고산동_2017_4,1
노고산동_2018_1,1
노고산동_2018_2,1
노고산동_2018_3,1
노고산동_2018_4,1
노고산동_2019_1,1
노고산동_2019_2,1
노고산동_2019_3,1
노고산동_2019_4,1
노고산동_2020_1,1
노고산동_2020_2,1
노고산동_2020_3,1
노고산동_2020_4,1
노고산동_2021_1,1
노고산동_2021_2,1
신수동_2014_2,1
신수동_2014_3,1
신수동_2014_4,1
신수동_2015_1,1
신수동_2015_2,1
신수동_2015_3,1
신수동_2015_4,1
신수동_2016_1,1
신수동_2016_2,1
신수동_2016_3,1
신수동_2016_4,1
신수동_2017_1,1
신수동_2017_2,1
신수동_2017_3,1
신수동_2017_4,1
신수동_2018_1,1
신수동_2018_2,1
신수동_2018_3,1
신수동_2018_4,1
신수동_2019_1,1
신수동_2019_2,1
신수동_2019_3,1
신수동_2019_4,2
신수동_2020_1,2
신수동_2020_2,2
신수동_2020_3,2
신수동_2020_4,2
신수동_2021_1,2
신수동_2021_2,2
상암동_2014_2,2
상암동_2014_3,2
상암동_2014_4,2
오류동_2014_2,1
오류동_2014_3,1
오류동_2014_4,1
오류동_2015_1,1
오류동_2015_2,1
오류동_2015_3,1
오류동_2015_4,1
오류동_2016_1,1
오류동_2016_2,1
오류동_2016_3,1
오류동_2016_4,1
오류동_2017_1,1
오류동_2017_2,1
오류동_2017_3,1
오류동_2017_4,1
오류동_2018_1,1
오류동_2018_2,1
오류동_2018_3,1
오류동_2018_4,1
오류동_2019_1,1
오류동_2019_2,1
오류동_2019_3,1
오류동_2019_4,1
오류동_2020_1,1
오류동_2020_2,1
오류동_2020_3,1
오류동_2020_4,1
오류동_2021_1,1
오류동_2021_2,1
상수동_2015_2,2
상수동_2015_3,2
상수동_2015_4,2
상수동_2016_1,2
상수동_2016_2,2
상수동_2016_3,2
상수동_2016_4,2
상수동_2017_1,2
상수동_2017_2,2
상수동_2017_3,2
상수동_2017_4,2
상수동_2018_1,2
상수동_2018_2,2
상수동_2018_3,2
상수동_2018_4,2
상수동_2019_1,2
상수동_2019_2,2
상수동_2019_3,2
상수동_2019_4,2
상수동_2020_1,2
상수동_2020_2,2
상수동_2020_3,2
상수동_2020_4,2
상수동_2021_1,2
상수동_2021_2,2
서교동_2021_2,5
청담동_2014_1,4
청담동_2014_2,4
청담동_2014_3,4
청담동_2014_4,4
청담동_2015_1,4
청담동_2015_2,4
청담동_2015_3,4
청담동_2015_4,4
청담동_2016_1,4
청담동_2016_2,4
청담동_2016_3,4
청담동_2016_4,5
청담동_2017_1,6
청담동_2017_2,6
청담동_2017_3,6
청담동_2017_4,6
청담동_2018_1,6
청담동_2018_2,6
청담동_2018_3,6
청담동_2018_4,6
청담동_2019_1,6
청담동_2019_2,6
청담동_2019_3,6
청담동_2019_4,6
청담동_2020_1,6
청담동_2020_2,6
청담동_2020_3,6
청담동_2020_4,6
청담동_2021_1,6
청담동_2021_2,6
도곡동_2014_1,2
도곡동_2014_2,2
도곡동_2014_3,2
도곡동_2014_4,2
도곡동_2015_1,2
도곡동_2015_2,2
도곡동_2015_3,2
도곡동_2015_4,2
도곡동_2016_1,2
도곡동_2016_2,2
도곡동_2016_3,2
도곡동_2016_4,2
도곡동_2017_1,2
도곡동_2017_2,2
도곡동_2017_3,2
도곡동_2017_4,2
도곡동_2018_1,2
도곡동_2018_2,2
도곡동_2018_3,3
도곡동_2018_4,3
도곡동_2019_1,3
도곡동_2019_2,3
도곡동_2019_3,3
도곡동_2019_4,3
도곡동_2020_1,3
도곡동_2020_2,3
도곡동_2020_3,3
도곡동_2020_4,3
도곡동_2021_1,3
도곡동_2021_2,3
신도림동_2014_1,2
신도림동_2014_2,2
신도림동_2014_3,2
신도림동_2014_4,2
신도림동_2015_1,2
신도림동_2015_2,2
신도림동_2015_3,2
신도림동_2015_4,2
신도림동_2016_1,2
신도림동_2016_2,2
신도림동_2016_3,2
신도림동_2016_4,2
신도림동_2017_1,2
신도림동_2017_2,2
신도림동_2017_3,2
신도림동_2017_4,3
신도림동_2018_1,3
신도림동_2018_2,3
신도림동_2018_3,3
신도림동_2018_4,3
신도림동_2019_1,3
신도림동_2019_2,3
신도림동_2019_3,3
신도림동_2019_4,3
신도림동_2020_1,3
신도림동_2020_2,3
신도림동_2020_3,3
신도림동_2020_4,3
신도림동_2021_1,3
신도림동_2021_2,3
을지로6가_2018_4,1
을지로6가_2019_1,1
을지로6가_2019_2,1
을지로6가_2019_3,2
을지로6가_2019_4,2
을지로6가_2020_1,2
을지로6가_2020_2,2
을지로6가_2020_3,2
을지로6가_2020_4,2
을지로6가_2021_1,2
을지로6가_2021_2,2
목동_2020_4,11
목동_2021_1,11
목동_2021_2,11
용강동_2018_4,1
용강동_2019_1,1
용강동_2019_2,1
용강동_2019_3,1
용강동_2019_4,1
용강동_2020_1,1
용강동_2020_2,1
용강동_2020_3,1
용강동_2020_4,1
용강동_2021_1,1
용강동_2021_2,1
평창동_2019_2,1
평창동_2019_3,1
평창동_2019_4,1
평창동_2020_1,1
평창동_2020_2,1
평창동_2020_3,1
평창동_2020_4,1
평창동_2021_1,1
평창동_2021_2,1
남대문로4가_2018_4,1
남대문로4가_2019_1,1
남대문로4가_2019_2,2
남대문로4가_2019_3,2
남대문로4가_2019_4,2
남대문로4가_2020_1,2
남대문로4가_2020_2,2
남대문로4가_2020_3,2
남대문로4가_2020_4,2
남대문로4가_2021_1,2
남대문로4가_2021_2,2
구의동_2018_3,5
구의동_2018_4,5
구의동_2019_1,5
구의동_2019_2,5
구의동_2019_3,5
구의동_2019_4,5
구의동_2020_1,5
구의동_2020_2,5
구의동_2020_3,5
구의동_2020_4,5
구의동_2021_1,5
구의동_2021_2,5
이태원동_2018_3,1
이태원동_2018_4,1
이태원동_2019_1,1
이태원동_2019_2,1
이태원동_2019_3,1
이태원동_2019_4,1
이태원동_2020_1,1
이태원동_2020_2,1
이태원동_2020_3,1
이태원동_2020_4,1
이태원동_2021_1,1
이태원동_2021_2,1
대치동_2018_1,10
대치동_2018_2,10
대치동_2018_3,10
대치동_2018_4,11
대치동_2019_1,12
대치동_2019_2,12
대치동_2019_3,12
대치동_2019_4,12
대치동_2020_1,12
대치동_2020_2,12
대치동_2020_3,13
삼성동_2021_1,14
삼성동_2021_2,14
구로동_2014_1,5
구로동_2014_2,5
구로동_2014_3,5
구로동_2014_4,5
구로동_2015_1,5
구로동_2015_2,5
구로동_2015_3,5
구로동_2015_4,5
구로동_2016_1,5
구로동_2016_2,5
구로동_2016_3,5
구로동_2016_4,5
구로동_2017_1,6
구로동_2017_2,6
구로동_2017_3,6
구로동_2017_4,6
구로동_2018_1,6
구로동_2018_2,6
구로동_2018_3,6
구로동_2018_4,6
구로동_2019_1,6
구로동_2019_2,6
구로동_2019_3,6
구로동_2019_4,6
구로동_2020_1,6
구로동_2020_2,6
구로동_2020_3,7
구로동_2020_4,7
구로동_2021_1,7
구로동_2021_2,7
논현동_2014_1,5
논현동_2014_2,5
논현동_2014_3,6
논현동_2014_4,7
논현동_2015_1,7
논현동_2015_2,8
논현동_2015_3,9
논현동_2015_4,9
논현동_2016_1,9
논현동_2016_2,9
논현동_2016_3,9
논현동_2016_4,9
논현동_2017_1,9
논현동_2017_2,9
논현동_2017_3,9
논현동_2017_4,9
논현동_2018_1,9
논현동_2018_2,9
논현동_2018_3,9
논현동_2018_4,10
논현동_2019_1,10
논현동_2019_2,10
논현동_2019_3,10
논현동_2019_4,11
논현동_2020_1,11
논현동_2020_2,11
논현동_2020_3,11
논현동_2020_4,11
논현동_2021_1,11
논현동_2021_2,12
이문동_2014_1,1
이문동_2014_2,1
이문동_2014_3,1
이문동_2014_4,1
이문동_2015_1,1
이문동_2015_2,1
이문동_2015_3,1
이문동_2015_4,1
이문동_2016_1,1
이문동_2016_2,1
이문동_2016_3,1
이문동_2016_4,1
이문동_2017_1,2
이문동_2017_2,2
이문동_2017_3,2
이문동_2017_4,2
이문동_2018_1,2
이문동_2018_2,2
이문동_2018_3,2
이문동_2018_4,2
이문동_2019_1,2
이문동_2019_2,2
이문동_2019_3,2
이문동_2019_4,2
이문동_2020_1,2
이문동_2020_2,2
이문동_2020_3,2
이문동_2020_4,2
이문동_2021_1,2
이문동_2021_2,2
장안동_2014_1,1
장안동_2014_2,1
장안동_2014_3,1
장안동_2014_4,1
장안동_2015_1,1
장안동_2015_2,1
장안동_2015_3,1
장안동_2015_4,1
장안동_2016_1,1
장안동_2016_2,1
장안동_2016_3,1
장안동_2016_4,1
장안동_2017_1,1
장안동_2017_2,1
장안동_2017_3,1
장안동_2017_4,1
장안동_2018_1,1
장안동_2018_2,1
장안동_2018_3,1
장안동_2018_4,1
장안동_2019_1,1
장안동_2019_2,1
장안동_2019_3,1
장안동_2019_4,1
장안동_2020_1,1
장안동_2020_2,1
장안동_2020_3,1
장안동_2020_4,1
장안동_2021_1,1
장안동_2021_2,1
회기동_2014_1,1
회기동_2014_2,2
회기동_2014_3,2
회기동_2014_4,2
회기동_2015_1,2
회기동_2015_2,2
회기동_2015_3,2
회기동_2015_4,2
회기동_2016_1,2
회기동_2016_2,2
회기동_2016_3,2
회기동_2016_4,2
회기동_2017_1,2
회기동_2017_2,3
회기동_2017_3,3
회기동_2017_4,3
회기동_2018_1,3
회기동_2018_2,3
회기동_2018_3,3
회기동_2018_4,3
회기동_2019_1,3
회기동_2019_2,3
회기동_2019_3,3
회기동_2019_4,3
회기동_2020_1,3
회기동_2020_2,3
회기동_2020_3,3
회기동_2020_4,3
회기동_2021_1,3
회기동_2021_2,3
신사동_2016_4,7
신사동_2017_1,7
신사동_2017_2,7
신사동_2017_3,7
신사동_2017_4,7
신사동_2018_1,7
신사동_2018_2,7
신사동_2018_3,8
신사동_2018_4,8
신사동_2019_1,8
신사동_2019_2,8
신사동_2019_3,8
신사동_2019_4,8
신사동_2020_1,8
신사동_2020_2,9
신사동_2020_3,9
신사동_2020_4,9
신사동_2021_1,9
신사동_2021_2,9
신사동_2016_2,6
신사동_2016_3,6
염리동_2016_4,1
염리동_2017_1,1
염리동_2017_2,1
염리동_2017_3,1
염리동_2017_4,1
염리동_2018_1,1
염리동_2018_2,1
염리동_2018_3,1
염리동_2018_4,1
염리동_2019_1,1
염리동_2019_2,1
염리동_2019_3,1
염리동_2019_4,1
염리동_2020_1,1
염리동_2020_2,1
염리동_2020_3,1
염리동_2020_4,1
염리동_2021_1,1
염리동_2021_2,1
합정동_2016_4,1
합정동_2017_1,1
합정동_2017_2,1
합정동_2017_3,1
합정동_2017_4,1
합정동_2018_1,1
합정동_2018_2,1
합정동_2018_3,1
합정동_2018_4,1
합정동_2019_1,1
합정동_2019_2,1
합정동_2019_3,1
합정동_2019_4,1
합정동_2020_1,1
합정동_2020_2,1
합정동_2020_3,1
합정동_2020_4,1
합정동_2021_1,1
합정동_2021_2,1
신사동_2016_1,5
신설동_2015_3,1
신설동_2015_4,1
신설동_2016_1,1
신설동_2016_2,1
신설동_2016_3,1
신설동_2016_4,1
신설동_2017_1,1
신설동_2017_2,1
신설동_2017_3,1
신설동_2017_4,1
신설동_2018_1,1
신설동_2018_2,1
신설동_2018_3,1
신설동_2018_4,1
신설동_2019_1,1
신설동_2019_2,1
신설동_2019_3,1
신설동_2019_4,1
신설동_2020_1,1
신설동_2020_2,1
신설동_2020_3,1
신설동_2020_4,1
신설동_2021_1,1
신설동_2021_2,1
답십리동_2017_2,1
답십리동_2017_3,1
답십리동_2017_4,1
답십리동_2018_1,1
답십리동_2018_2,1
답십리동_2018_3,1
답십리동_2018_4,1
답십리동_2019_1,1
답십리동_2019_2,1
답십리동_2019_3,1
답십리동_2019_4,1
답십리동_2020_1,1
답십리동_2020_2,1
답십리동_2020_3,1
답십리동_2020_4,1
답십리동_2021_1,1
답십리동_2021_2,1
도화동_2014_1,3
도화동_2014_2,3
도화동_2014_3,3
도화동_2014_4,3
도화동_2015_1,3
도화동_2015_2,3
도화동_2015_3,3
도화동_2015_4,3
도화동_2016_1,3
도화동_2016_2,3
도화동_2016_3,3
도화동_2016_4,3
도화동_2017_1,3
도화동_2017_2,3
도화동_2017_3,3
도화동_2017_4,3
도화동_2018_1,3
도화동_2018_2,3
도화동_2018_3,3
도화동_2018_4,3
도화동_2019_1,3
도화동_2019_2,3
도화동_2019_3,3
도화동_2019_4,3
도화동_2020_1,3
도화동_2020_2,3
도화동_2020_3,3
도화동_2020_4,3
도화동_2021_1,3
도화동_2021_2,3
신공덕동_2014_1,1
신공덕동_2014_2,1
신공덕동_2014_3,1
신공덕동_2014_4,1
신공덕동_2015_1,1
신공덕동_2015_2,1
신공덕동_2015_3,1
신공덕동_2015_4,1
신공덕동_2016_1,1
신공덕동_2016_2,1
신공덕동_2016_3,1
신공덕동_2016_4,1
신공덕동_2017_1,1
신공덕동_2017_2,1
신공덕동_2017_3,1
신공덕동_2017_4,1
신공덕동_2018_1,1
신공덕동_2018_2,1
신공덕동_2018_3,1
신공덕동_2018_4,1
신공덕동_2019_1,1
신공덕동_2019_2,1
신공덕동_2019_3,1
신공덕동_2019_4,1
신공덕동_2020_1,1
신공덕동_2020_2,1
신공덕동_2020_3,1
신공덕동_2020_4,1
신공덕동_2021_1,1
신공덕동_2021_2,1
상수동_2014_1,1
상수동_2014_2,1
상수동_2014_3,1
상수동_2014_4,1
상수동_2015_1,1
아현동_2014_1,1
아현동_2014_2,1
아현동_2014_3,1
아현동_2014_4,1
아현동_2015_1,1
아현동_2015_2,1
아현동_2015_3,1
아현동_2015_4,1
아현동_2016_1,1
아현동_2016_2,1
아현동_2016_3,1
아현동_2016_4,1
아현동_2017_1,1
아현동_2017_2,1
아현동_2017_3,1
아현동_2017_4,1
아현동_2018_1,2
아현동_2018_2,2
아현동_2018_3,2
아현동_2018_4,2
아현동_2019_1,2
아현동_2019_2,2
아현동_2019_3,2
아현동_2019_4,2
아현동_2020_1,2
아현동_2020_2,2
아현동_2020_3,2
아현동_2020_4,2
아현동_2021_1,2
아현동_2021_2,2
공릉동_2020_4,2
공릉동_2021_1,2
공릉동_2021_2,3
상암동_2014_1,1
구의동_2017_3,4
구의동_2017_4,4
구의동_2018_1,4
구의동_2018_2,4
개포동_2014_1,1
개포동_2014_2,1
개포동_2014_3,1
개포동_2014_4,1
개포동_2015_1,1
개포동_2015_2,1
개포동_2015_3,1
개포동_2015_4,1
개포동_2016_1,1
개포동_2016_2,1
개포동_2016_3,1
개포동_2016_4,1
개포동_2017_1,1
개포동_2017_2,1
개포동_2017_3,1
개포동_2017_4,1
개포동_2018_1,1
개포동_2018_2,1
개포동_2018_3,1
개포동_2018_4,1
개포동_2019_1,1
개포동_2019_2,1
개포동_2019_3,1
개포동_2019_4,1
개포동_2020_1,1
개포동_2020_2,1
개포동_2020_3,1
개포동_2020_4,1
개포동_2021_1,1
개포동_2021_2,1
상계동_2017_3,4
상계동_2017_4,4
상계동_2018_1,4
상계동_2018_2,4
상계동_2018_3,4
상계동_2018_4,4
상계동_2019_1,4
상계동_2019_2,5
상계동_2019_3,5
상계동_2019_4,5
상계동_2020_1,5
상계동_2020_2,5
상계동_2020_3,5
상계동_2020_4,5
상계동_2021_1,5
상계동_2021_2,5
전농동_2021_2,1
양평동5가_2021_1,1
양평동5가_2021_2,1
동자동_2021_2,2
평동_2021_2,2
염창동_2021_1,2
염창동_2021_2,2
서초동_2021_1,22
서초동_2021_2,22
당산동3가_2021_1,1
당산동3가_2021_2,1
영등포동6가_2021_1,1
영등포동6가_2021_2,1
마곡동_2021_2,7
화곡동_2021_1,4
화곡동_2021_2,4
세곡동_2021_2,1
창동_2021_2,3
중곡동_2021_2,1
연건동_2020_4,2
연건동_2021_1,2
연건동_2021_2,2
무교동_2020_4,2
무교동_2021_1,2
무교동_2021_2,2
남산동3가_2020_4,1
남산동3가_2021_1,1
남산동3가_2021_2,1
길동_2020_4,2
길동_2021_1,2
길동_2021_2,2
당산동5가_2020_3,1
당산동5가_2020_4,1
당산동5가_2021_1,1
당산동5가_2021_2,1
성수동2가_2020_3,3
성수동2가_2020_4,3
성수동2가_2021_1,3
성수동2가_2021_2,3
잠원동_2020_3,5
잠원동_2020_4,5
잠원동_2021_1,5
잠원동_2021_2,5
신문로2가_2021_2,1
장위동_2021_2,1
신정동_2021_2,4
신월동_2021_2,2
원효로1가_2020_3,1
원효로1가_2020_4,1
원효로1가_2021_1,1
원효로1가_2021_2,1
천호동_2020_3,4
천호동_2020_4,4
천호동_2021_1,4
천호동_2021_2,4
마천동_2020_3,1
마천동_2020_4,1
마천동_2021_1,1
마천동_2021_2,1
남대문로5가_2020_3,5
남대문로5가_2020_4,5
남대문로5가_2021_1,5
남대문로5가_2021_2,5
자양동_2020_3,5
자양동_2020_4,5
자양동_2021_1,5
자양동_2021_2,5
방이동_2020_3,6
방이동_2020_4,6
방이동_2021_1,6
방이동_2021_2,6
묵동_2020_2,2
묵동_2020_3,2
묵동_2020_4,2
묵동_2021_1,2
묵동_2021_2,2
마곡동_2018_3,4
마곡동_2018_4,4
마곡동_2019_1,4
마곡동_2019_2,4
마곡동_2019_3,5
마곡동_2019_4,5
마곡동_2020_1,6
마곡동_2020_2,6
마곡동_2020_3,6
마곡동_2020_4,6
마곡동_2021_1,6
가산동_2018_3,7
가산동_2018_4,7
가산동_2019_1,7
가산동_2019_2,7
가산동_2019_3,7
가산동_2019_4,7
가산동_2020_1,7
가산동_2020_2,7
가산동_2020_3,7
가산동_2020_4,7
가산동_2021_1,7
가산동_2021_2,7
남가좌동_2020_3,2
남가좌동_2020_4,2
남가좌동_2021_1,2
남가좌동_2021_2,2
가락동_2020_2,5
가락동_2020_3,5
가락동_2020_4,5
가락동_2021_1,5
가락동_2021_2,5
혜화동_2020_2,1
혜화동_2020_3,1
혜화동_2020_4,1
혜화동_2021_1,1
혜화동_2021_2,1
서계동_2020_2,1
서계동_2020_3,1
서계동_2020_4,1
서계동_2021_1,1
서계동_2021_2,1
상도1동_2020_2,1
상도1동_2020_3,1
상도1동_2020_4,1
상도1동_2021_1,1
상도1동_2021_2,1
시흥동_2020_2,2
시흥동_2020_3,2
시흥동_2020_4,2
시흥동_2021_1,2
시흥동_2021_2,2
문정동_2018_3,6
문정동_2018_4,6
문정동_2019_1,6
문정동_2019_2,6
문정동_2019_3,6
문정동_2019_4,6
문정동_2020_1,6
문정동_2020_2,6
문정동_2020_3,6
문정동_2020_4,6
문정동_2021_1,6
문정동_2021_2,6
태평로2가_2014_1,1
태평로2가_2014_2,1
태평로2가_2014_3,1
태평로2가_2014_4,1
태평로2가_2015_1,1
태평로2가_2015_2,1
태평로2가_2015_3,1
태평로2가_2015_4,1
태평로2가_2016_1,1
태평로2가_2016_2,1
태평로2가_2016_3,1
태평로2가_2016_4,1
태평로2가_2017_1,1
태평로2가_2017_2,1
태평로2가_2017_3,1
태평로2가_2017_4,1
태평로2가_2018_1,1
태평로2가_2018_2,1
태평로2가_2018_3,1
태평로2가_2018_4,1
태평로2가_2019_1,1
태평로2가_2019_2,1
태평로2가_2019_3,1
태평로2가_2019_4,1
태평로2가_2020_1,1
태평로2가_2020_2,1
태평로2가_2020_3,1
태평로2가_2020_4,1
태평로2가_2021_1,1
태평로2가_2021_2,1
신림동_2014_1,3
신림동_2014_2,3
신림동_2014_3,3
신림동_2014_4,3
신림동_2015_1,3
신림동_2015_2,3
신림동_2015_3,3
신림동_2015_4,3
신림동_2016_1,3
신림동_2016_2,3
신림동_2016_3,3
신림동_2016_4,3
신림동_2017_1,3
신림동_2017_2,3
신림동_2017_3,3
신림동_2017_4,3
신림동_2018_1,4
신림동_2018_2,4
신림동_2018_3,4
신림동_2018_4,4
신림동_2019_1,4
신림동_2019_2,4
신림동_2019_3,4
신림동_2019_4,4
신림동_2020_1,4
신림동_2020_2,4
신림동_2020_3,4
신림동_2020_4,4
신림동_2021_1,4
신림동_2021_2,4
봉천동_2014_1,2
봉천동_2014_2,2
봉천동_2014_3,2
봉천동_2014_4,2
봉천동_2015_1,2
봉천동_2015_2,2
봉천동_2015_3,2
봉천동_2015_4,2
봉천동_2016_1,2
봉천동_2016_2,2
봉천동_2016_3,3
봉천동_2016_4,4
봉천동_2017_1,4
봉천동_2017_2,4
봉천동_2017_3,4
봉천동_2017_4,4
봉천동_2018_1,4
봉천동_2018_2,4
봉천동_2018_3,4
봉천동_2018_4,4
봉천동_2019_1,4
봉천동_2019_2,5
봉천동_2019_3,6
봉천동_2019_4,6
봉천동_2020_1,6
봉천동_2020_2,6
봉천동_2020_3,6
봉천동_2020_4,6
봉천동_2021_1,6
봉천동_2021_2,6
남현동_2014_1,1
남현동_2014_2,1
남현동_2014_3,1
남현동_2014_4,1
남현동_2015_1,1
남현동_2015_2,1
남현동_2015_3,1
남현동_2015_4,1
남현동_2016_1,1
남현동_2016_2,1
남현동_2016_3,1
남현동_2016_4,1
남현동_2017_1,1
남현동_2017_2,1
남현동_2017_3,1
남현동_2017_4,1
남현동_2018_1,1
남현동_2018_2,1
남현동_2018_3,1
남현동_2018_4,1
남현동_2019_1,1
남현동_2019_2,1
남현동_2019_3,1
남현동_2019_4,1
남현동_2020_1,1
남현동_2020_2,1
남현동_2020_3,1
남현동_2020_4,1
남현동_2021_1,1
남현동_2021_2,1
화곡동_2017_4,3
화곡동_2018_1,3
화곡동_2018_2,3
화곡동_2018_3,3
화곡동_2018_4,3
화곡동_2019_1,3
화곡동_2019_2,3
화곡동_2019_3,3
화곡동_2019_4,3
화곡동_2020_1,3
화곡동_2020_2,3
화곡동_2020_3,3
화곡동_2020_4,3
등촌동_2015_1,2
등촌동_2015_2,2
등촌동_2015_3,2
등촌동_2015_4,2
등촌동_2016_1,2
등촌동_2016_2,2
등촌동_2016_3,2
등촌동_2016_4,2
등촌동_2017_1,3
등촌동_2017_2,3
등촌동_2017_3,3
등촌동_2017_4,3
등촌동_2018_1,3
등촌동_2018_2,3
등촌동_2018_3,3
등촌동_2018_4,3
등촌동_2019_1,3
등촌동_2019_2,3
등촌동_2019_3,3
등촌동_2019_4,3
등촌동_2020_1,3
등촌동_2020_2,3
등촌동_2020_3,3
등촌동_2020_4,3
등촌동_2021_1,3
등촌동_2021_2,3
월계동_2020_1,4
월계동_2020_2,4
월계동_2020_3,4
월계동_2020_4,4
월계동_2021_1,4
월계동_2021_2,4
평동_2020_1,1
평동_2020_2,1
평동_2020_3,1
평동_2020_4,1
평동_2021_1,1
상봉동_2014_1,1
상봉동_2014_2,1
상봉동_2014_3,1
상봉동_2014_4,1
상봉동_2015_1,1
상봉동_2015_2,1
상봉동_2015_3,2
상봉동_2015_4,2
상봉동_2016_1,2
상봉동_2016_2,3
상봉동_2016_3,3
상봉동_2016_4,3
상봉동_2017_1,3
상봉동_2017_2,3
상봉동_2017_3,3
상봉동_2017_4,3
상봉동_2018_1,3
상봉동_2018_2,3
상봉동_2018_3,3
상봉동_2018_4,3
상봉동_2019_1,3
상봉동_2019_2,3
상봉동_2019_3,3
상봉동_2019_4,3
상봉동_2020_1,3
상봉동_2020_2,3
상봉동_2020_3,3
상봉동_2020_4,3
상봉동_2021_1,3
상봉동_2021_2,3
면목동_2014_3,1
면목동_2014_4,1
면목동_2015_1,1
면목동_2015_2,1
면목동_2015_3,1
면목동_2015_4,1
면목동_2016_1,1
면목동_2016_2,1
면목동_2016_3,1
면목동_2016_4,1
면목동_2017_1,1
면목동_2017_2,1
면목동_2017_3,1
면목동_2017_4,1
면목동_2018_1,1
면목동_2018_2,1
면목동_2018_3,1
면목동_2018_4,1
면목동_2019_1,1
면목동_2019_2,1
면목동_2019_3,1
면목동_2019_4,1
면목동_2020_1,1
면목동_2020_2,1
면목동_2020_3,1
면목동_2020_4,1
면목동_2021_1,1
면목동_2021_2,1
종로3가_2014_1,1
종로3가_2014_2,1
종로3가_2014_3,1
종로3가_2014_4,1
종로3가_2015_1,1
종로3가_2015_2,1
종로3가_2015_3,1
종로3가_2015_4,1
종로3가_2016_1,1
종로3가_2016_2,1
종로3가_2016_3,1
종로3가_2016_4,1
종로3가_2017_1,1
종로3가_2017_2,1
종로3가_2017_3,1
종로3가_2017_4,1
종로3가_2018_1,1
종로3가_2018_2,1
종로3가_2018_3,1
종로3가_2018_4,1
종로3가_2019_1,1
종로3가_2019_2,1
종로3가_2019_3,1
종로3가_2019_4,1
종로3가_2020_1,1
종로3가_2020_2,1
종로3가_2020_3,1
종로3가_2020_4,1
종로3가_2021_1,1
종로3가_2021_2,1
문래동3가_2014_4,3
문래동3가_2015_1,3
문래동3가_2015_2,3
문래동3가_2015_3,3
문래동3가_2015_4,3
문래동3가_2016_1,3
문래동3가_2016_2,3
문래동3가_2016_3,3
문래동3가_2016_4,3
문래동3가_2017_1,3
문래동3가_2017_2,3
문래동3가_2017_3,3
문래동3가_2017_4,3
문래동3가_2018_1,3
문래동3가_2018_2,3
문래동3가_2018_3,3
문래동3가_2018_4,3
문래동3가_2019_1,3
문래동3가_2019_2,3
문래동3가_2019_3,3
문래동3가_2019_4,3
문래동3가_2020_1,3
문래동3가_2020_2,3
문래동3가_2020_3,3
문래동3가_2020_4,3
문래동3가_2021_1,3
문래동3가_2021_2,3
여의도동_2020_3,17
여의도동_2020_4,17
여의도동_2021_1,17
여의도동_2021_2,17
계동_2014_4,1
계동_2015_1,1
계동_2015_2,1
계동_2015_3,1
계동_2015_4,1
계동_2016_1,1
계동_2016_2,1
계동_2016_3,1
계동_2016_4,1
계동_2017_1,1
계동_2017_2,1
계동_2017_3,1
계동_2017_4,1
계동_2018_1,1
계동_2018_2,1
계동_2018_3,1
계동_2018_4,1
계동_2019_1,1
계동_2019_2,1
계동_2019_3,1
계동_2019_4,1
계동_2020_1,1
계동_2020_2,1
계동_2020_3,1
계동_2020_4,1
계동_2021_1,1
계동_2021_2,1
가락동_2014_4,3
가락동_2015_1,3
가락동_2015_2,3
가락동_2015_3,3
가락동_2015_4,3
가락동_2016_1,3
가락동_2016_2,3
가락동_2016_3,3
가락동_2016_4,3
가락동_2017_1,3
가락동_2017_2,3
가락동_2017_3,3
가락동_2017_4,3
가락동_2018_1,4
가락동_2018_2,4
가락동_2018_3,4
가락동_2018_4,4
가락동_2019_1,4
가락동_2019_2,4
가락동_2019_3,4
가락동_2019_4,4
가락동_2020_1,4
통의동_2014_1,1
통의동_2014_2,1
통의동_2014_3,1
통의동_2014_4,1
통의동_2015_1,1
통의동_2015_2,1
통의동_2015_3,1
통의동_2015_4,1
통의동_2016_1,1
통의동_2016_2,1
통의동_2016_3,1
통의동_2016_4,1
통의동_2017_1,1
통의동_2017_2,1
통의동_2017_3,1
통의동_2017_4,1
통의동_2018_1,1
통의동_2018_2,1
통의동_2018_3,1
통의동_2018_4,1
통의동_2019_1,1
통의동_2019_2,1
통의동_2019_3,1
통의동_2019_4,1
통의동_2020_1,1
통의동_2020_2,1
통의동_2020_3,1
통의동_2020_4,1
통의동_2021_1,1
통의동_2021_2,1
관철동_2021_2,1
수송동_2014_1,1
수송동_2014_2,1
수송동_2014_3,1
수송동_2014_4,1
수송동_2015_1,1
수송동_2015_2,1
수송동_2015_3,1
수송동_2015_4,1
수송동_2016_1,1
수송동_2016_2,2
수송동_2016_3,2
수송동_2016_4,2
수송동_2017_1,2
수송동_2017_2,2
수송동_2017_3,2
수송동_2017_4,2
수송동_2018_1,2
수송동_2018_2,2
수송동_2018_3,2
수송동_2018_4,2
수송동_2019_1,3
수송동_2019_2,3
수송동_2019_3,3
수송동_2019_4,3
수송동_2020_1,3
수송동_2020_2,3
수송동_2020_3,3
수송동_2020_4,3
수송동_2021_1,3
수송동_2021_2,3
재동_2014_2,1
재동_2014_3,1
재동_2014_4,1
재동_2015_1,1
재동_2015_2,1
재동_2015_3,1
재동_2015_4,1
재동_2016_1,1
재동_2016_2,1
재동_2016_3,1
재동_2016_4,1
재동_2017_1,1
재동_2017_2,1
재동_2017_3,1
재동_2017_4,1
재동_2018_1,1
재동_2018_2,1
재동_2018_3,1
재동_2018_4,1
재동_2019_1,1
재동_2019_2,1
재동_2019_3,1
재동_2019_4,1
재동_2020_1,1
재동_2020_2,1
재동_2020_3,1
재동_2020_4,1
재동_2021_1,1
재동_2021_2,1
영등포동8가_2016_4,1
영등포동8가_2017_1,1
영등포동8가_2017_2,1
영등포동8가_2017_3,1
영등포동8가_2017_4,1
영등포동8가_2018_1,1
영등포동8가_2018_2,1
영등포동8가_2018_3,1
영등포동8가_2018_4,1
영등포동8가_2019_1,1
영등포동8가_2019_2,1
영등포동8가_2019_3,1
영등포동8가_2019_4,1
영등포동8가_2020_1,1
영등포동8가_2020_2,1
영등포동8가_2020_3,1
영등포동8가_2020_4,1
영등포동8가_2021_1,1
영등포동8가_2021_2,1
서초동_2018_2,21
서초동_2018_3,21
서초동_2018_4,21
서초동_2019_1,21
서초동_2019_2,21
서초동_2019_3,21
서초동_2019_4,21
서초동_2020_1,21
서초동_2020_2,21
서초동_2020_3,21
서초동_2020_4,21
영등포동4가_2014_1,4
영등포동4가_2014_2,4
영등포동4가_2014_3,4
영등포동4가_2014_4,4
영등포동4가_2015_1,4
영등포동4가_2015_2,4
영등포동4가_2015_3,4
영등포동4가_2015_4,4
영등포동4가_2016_1,4
영등포동4가_2016_2,4
영등포동4가_2016_3,4
영등포동4가_2016_4,4
영등포동4가_2017_1,4
영등포동4가_2017_2,4
영등포동4가_2017_3,4
영등포동4가_2017_4,4
영등포동4가_2018_1,4
영등포동4가_2018_2,4
영등포동4가_2018_3,4
영등포동4가_2018_4,4
영등포동4가_2019_1,4
영등포동4가_2019_2,4
영등포동4가_2019_3,4
영등포동4가_2019_4,5
영등포동4가_2020_1,5
영등포동4가_2020_2,5
영등포동4가_2020_3,5
영등포동4가_2020_4,5
영등포동4가_2021_1,5
영등포동4가_2021_2,5
신내동_2015_1,1
신내동_2015_2,1
신내동_2015_3,1
신내동_2015_4,1
신내동_2016_1,1
신내동_2016_2,1
신내동_2016_3,1
신내동_2016_4,1
신내동_2017_1,1
신내동_2017_2,1
신내동_2017_3,1
신내동_2017_4,1
신내동_2018_1,1
신내동_2018_2,1
신내동_2018_3,1
신내동_2018_4,1
신내동_2019_1,1
신내동_2019_2,1
신내동_2019_3,1
신내동_2019_4,1
신내동_2020_1,1
신내동_2020_2,1
신내동_2020_3,1
신내동_2020_4,1
신내동_2021_1,1
신내동_2021_2,1
신길동_2014_4,1
신길동_2015_1,1
신길동_2015_2,1
신길동_2015_3,1
신길동_2015_4,1
신길동_2016_1,1
신길동_2016_2,1
신길동_2016_3,1
신길동_2016_4,1
신길동_2017_1,1
신길동_2017_2,1
신길동_2017_3,1
신길동_2017_4,1
신길동_2018_1,1
신길동_2018_2,1
신길동_2018_3,1
신길동_2018_4,1
신길동_2019_1,1
신길동_2019_2,1
신길동_2019_3,1
신길동_2019_4,1
신길동_2020_1,1
신길동_2020_2,1
신길동_2020_3,1
신길동_2020_4,1
신길동_2021_1,1
신길동_2021_2,1
연건동_2014_1,1
연건동_2014_2,1
연건동_2014_3,1
연건동_2014_4,1
연건동_2015_1,1
연건동_2015_2,1
연건동_2015_3,1
연건동_2015_4,1
연건동_2016_1,1
연건동_2016_2,1
연건동_2016_3,1
연건동_2016_4,1
연건동_2017_1,1
연건동_2017_2,1
연건동_2017_3,1
연건동_2017_4,1
연건동_2018_1,1
연건동_2018_2,1
연건동_2018_3,1
연건동_2018_4,1
연건동_2019_1,1
연건동_2019_2,1
연건동_2019_3,1
연건동_2019_4,1
연건동_2020_1,1
연건동_2020_2,1
연건동_2020_3,1
묵동_2014_1,1
묵동_2014_2,1
묵동_2014_3,1
묵동_2014_4,1
묵동_2015_1,1
묵동_2015_2,1
묵동_2015_3,1
묵동_2015_4,1
묵동_2016_1,1
묵동_2016_2,1
묵동_2016_3,1
묵동_2016_4,1
묵동_2017_1,1
묵동_2017_2,1
묵동_2017_3,1
묵동_2017_4,1
묵동_2018_1,1
묵동_2018_2,1
묵동_2018_3,1
묵동_2018_4,1
묵동_2019_1,1
묵동_2019_2,1
묵동_2019_3,1
묵동_2019_4,1
묵동_2020_1,1
청진동_2014_3,1
청진동_2014_4,1
청진동_2015_1,1
청진동_2015_2,1
청진동_2015_3,2
청진동_2015_4,2
청진동_2016_1,2
청진동_2016_2,2
청진동_2016_3,2
청진동_2016_4,2
청진동_2017_1,2
청진동_2017_2,2
청진동_2017_3,2
청진동_2017_4,2
청진동_2018_1,2
청진동_2018_2,2
청진동_2018_3,2
청진동_2018_4,2
청진동_2019_1,2
청진동_2019_2,2
청진동_2019_3,2
청진동_2019_4,2
청진동_2020_1,2
청진동_2020_2,2
청진동_2020_3,2
청진동_2020_4,2
청진동_2021_1,2
청진동_2021_2,2
당산동6가_2020_4,2
당산동6가_2021_1,2
당산동6가_2021_2,2
석촌동_2014_1,1
석촌동_2014_2,1
석촌동_2014_3,1
석촌동_2014_4,1
석촌동_2015_1,1
석촌동_2015_2,1
석촌동_2015_3,1
석촌동_2015_4,1
석촌동_2016_1,1
석촌동_2016_2,1
석촌동_2016_3,1
석촌동_2016_4,1
석촌동_2017_1,1
석촌동_2017_2,1
석촌동_2017_3,1
석촌동_2017_4,1
석촌동_2018_1,1
석촌동_2018_2,1
석촌동_2018_3,1
석촌동_2018_4,1
석촌동_2019_1,1
석촌동_2019_2,1
석촌동_2019_3,1
석촌동_2019_4,1
석촌동_2020_1,1
석촌동_2020_2,1
석촌동_2020_3,1
석촌동_2020_4,1
석촌동_2021_1,1
석촌동_2021_2,1
잠원동_2017_1,4
잠원동_2017_2,4
잠원동_2017_3,4
잠원동_2017_4,4
잠원동_2018_1,4
잠원동_2018_2,4
잠원동_2018_3,4
잠원동_2018_4,4
잠원동_2019_1,4
잠원동_2019_2,4
잠원동_2019_3,4
잠원동_2019_4,4
잠원동_2020_1,4
잠원동_2020_2,4
숭인동_2016_2,1
숭인동_2016_3,1
숭인동_2016_4,1
숭인동_2017_1,1
숭인동_2017_2,1
숭인동_2017_3,1
숭인동_2017_4,1
숭인동_2018_1,1
숭인동_2018_2,1
숭인동_2018_3,1
숭인동_2018_4,1
숭인동_2019_1,1
숭인동_2019_2,1
숭인동_2019_3,1
숭인동_2019_4,1
숭인동_2020_1,1
숭인동_2020_2,1
숭인동_2020_3,1
숭인동_2020_4,1
숭인동_2021_1,1
숭인동_2021_2,1
반포동_2017_2,7
반포동_2017_3,7
반포동_2017_4,7
반포동_2018_1,8
반포동_2018_2,8
반포동_2018_3,8
반포동_2018_4,8
반포동_2019_1,8
반포동_2019_2,8
반포동_2019_3,8
반포동_2019_4,8
반포동_2020_1,8
반포동_2020_2,8
반포동_2020_3,8
반포동_2020_4,8
반포동_2021_1,8
반포동_2021_2,8
문래동3가_2014_1,2
문래동3가_2014_2,2
문래동3가_2014_3,2
신원동_2016_1,1
신원동_2016_2,1
신원동_2016_3,1
신원동_2016_4,1
신원동_2017_1,1
신원동_2017_2,1
신원동_2017_3,1
신원동_2017_4,1
신원동_2018_1,1
신원동_2018_2,1
신원동_2018_3,1
신원동_2018_4,1
신원동_2019_1,1
신원동_2019_2,1
신원동_2019_3,1
신원동_2019_4,1
신원동_2020_1,1
신원동_2020_2,1
신원동_2020_3,1
신원동_2020_4,1
신원동_2021_1,1
신원동_2021_2,1
중학동_2014_1,1
중학동_2014_2,1
중학동_2014_3,1
중학동_2014_4,1
중학동_2015_1,1
중학동_2015_2,1
중학동_2015_3,1
중학동_2015_4,1
중학동_2016_1,1
중학동_2016_2,1
중학동_2016_3,1
중학동_2016_4,1
중학동_2017_1,1
중학동_2017_2,1
중학동_2017_3,1
중학동_2017_4,1
중학동_2018_1,1
중학동_2018_2,1
중학동_2018_3,1
중학동_2018_4,1
중학동_2019_1,1
중학동_2019_2,1
중학동_2019_3,1
중학동_2019_4,1
중학동_2020_1,1
중학동_2020_2,1
중학동_2020_3,1
중학동_2020_4,1
중학동_2021_1,1
중학동_2021_2,1
관수동_2014_1,2
관수동_2014_2,2
관수동_2014_3,2
관수동_2014_4,2
관수동_2015_1,2
관수동_2015_2,2
관수동_2015_3,2
관수동_2015_4,2
관수동_2016_1,2
관수동_2016_2,2
관수동_2016_3,2
관수동_2016_4,2
관수동_2017_1,2
관수동_2017_2,2
관수동_2017_3,2
관수동_2017_4,2
관수동_2018_1,2
관수동_2018_2,2
관수동_2018_3,2
관수동_2018_4,2
관수동_2019_1,2
관수동_2019_2,2
관수동_2019_3,2
관수동_2019_4,2
관수동_2020_1,2
관수동_2020_2,2
관수동_2020_3,2
관수동_2020_4,2
관수동_2021_1,2
관수동_2021_2,2
방배동_2018_4,8
방배동_2019_1,8
방배동_2019_2,8
방배동_2019_3,8
방배동_2019_4,9
방배동_2020_1,9
방배동_2020_2,9
방배동_2020_3,9
방배동_2020_4,9
방배동_2021_1,9
방배동_2021_2,9
양평동4가_2016_1,2
양평동4가_2016_2,2
양평동4가_2016_3,2
양평동4가_2016_4,2
양평동4가_2017_1,2
양평동4가_2017_2,2
양평동4가_2017_3,2
양평동4가_2017_4,2
양평동4가_2018_1,2
양평동4가_2018_2,2
양평동4가_2018_3,2
양평동4가_2018_4,2
양평동4가_2019_1,2
양평동4가_2019_2,2
양평동4가_2019_3,2
양평동4가_2019_4,2
양평동4가_2020_1,2
양평동4가_2020_2,2
양평동4가_2020_3,2
양평동4가_2020_4,2
양평동4가_2021_1,2
양평동4가_2021_2,2
삼청동_2014_2,1
삼청동_2014_3,1
삼청동_2014_4,1
삼청동_2015_1,1
삼청동_2015_2,1
삼청동_2015_3,1
삼청동_2015_4,1
삼청동_2016_1,1
삼청동_2016_2,1
삼청동_2016_3,1
삼청동_2016_4,1
삼청동_2017_1,1
삼청동_2017_2,1
삼청동_2017_3,1
삼청동_2017_4,1
삼청동_2018_1,1
삼청동_2018_2,1
삼청동_2018_3,1
삼청동_2018_4,1
삼청동_2019_1,1
삼청동_2019_2,1
삼청동_2019_3,1
삼청동_2019_4,1
삼청동_2020_1,1
삼청동_2020_2,1
삼청동_2020_3,1
삼청동_2020_4,1
삼청동_2021_1,1
삼청동_2021_2,1
서린동_2018_2,2
서린동_2018_3,2
서린동_2018_4,2
서린동_2019_1,2
서린동_2019_2,2
서린동_2019_3,2
서린동_2019_4,2
서린동_2020_1,2
서린동_2020_2,2
서린동_2020_3,2
서린동_2020_4,2
서린동_2021_1,2
서린동_2021_2,2
삼전동_2015_1,1
삼전동_2015_2,1
삼전동_2015_3,1
삼전동_2015_4,1
삼전동_2016_1,1
삼전동_2016_2,1
삼전동_2016_3,1
삼전동_2016_4,1
삼전동_2017_1,1
삼전동_2017_2,1
삼전동_2017_3,1
삼전동_2017_4,1
삼전동_2018_1,1
삼전동_2018_2,1
삼전동_2018_3,1
삼전동_2018_4,1
삼전동_2019_1,1
삼전동_2019_2,1
삼전동_2019_3,1
삼전동_2019_4,1
삼전동_2020_1,1
삼전동_2020_2,1
삼전동_2020_3,1
삼전동_2020_4,1
삼전동_2021_1,1
삼전동_2021_2,1
신문로1가_2015_4,1
신문로1가_2016_1,1
신문로1가_2016_2,1
신문로1가_2016_3,1
신문로1가_2016_4,1
신문로1가_2017_1,1
신문로1가_2017_2,1
신문로1가_2017_3,1
신문로1가_2017_4,1
신문로1가_2018_1,1
신문로1가_2018_2,1
신문로1가_2018_3,1
신문로1가_2018_4,1
신문로1가_2019_1,1
신문로1가_2019_2,1
신문로1가_2019_3,1
신문로1가_2019_4,1
신문로1가_2020_1,1
신문로1가_2020_2,1
신문로1가_2020_3,1
신문로1가_2020_4,1
신문로1가_2021_1,1
신문로1가_2021_2,1
명륜3가_2014_1,1
명륜3가_2014_2,1
명륜3가_2014_3,1
명륜3가_2014_4,1
명륜3가_2015_1,1
명륜3가_2015_2,1
명륜3가_2015_3,1
명륜3가_2015_4,1
명륜3가_2016_1,1
명륜3가_2016_2,1
명륜3가_2016_3,1
명륜3가_2016_4,1
명륜3가_2017_1,1
명륜3가_2017_2,1
명륜3가_2017_3,1
명륜3가_2017_4,1
명륜3가_2018_1,1
명륜3가_2018_2,1
명륜3가_2018_3,1
명륜3가_2018_4,1
명륜3가_2019_1,1
명륜3가_2019_2,1
명륜3가_2019_3,1
명륜3가_2019_4,1
명륜3가_2020_1,1
명륜3가_2020_2,1
명륜3가_2020_3,1
명륜3가_2020_4,1
명륜3가_2021_1,1
명륜3가_2021_2,1
적선동_2014_1,1
적선동_2014_2,1
적선동_2014_3,1
적선동_2014_4,1
적선동_2015_1,1
적선동_2015_2,1
적선동_2015_3,1
적선동_2015_4,1
적선동_2016_1,1
적선동_2016_2,1
적선동_2016_3,1
적선동_2016_4,1
적선동_2017_1,1
적선동_2017_2,1
적선동_2017_3,1
적선동_2017_4,1
적선동_2018_1,2
적선동_2018_2,2
적선동_2018_3,2
적선동_2018_4,2
적선동_2019_1,2
적선동_2019_2,2
적선동_2019_3,2
적선동_2019_4,2
적선동_2020_1,2
적선동_2020_2,2
적선동_2020_3,2
적선동_2020_4,2
적선동_2021_1,2
적선동_2021_2,2
사직동_2014_1,1
사직동_2014_2,1
사직동_2014_3,1
사직동_2014_4,1
사직동_2015_1,1
사직동_2015_2,1
사직동_2015_3,1
사직동_2015_4,1
사직동_2016_1,1
사직동_2016_2,1
사직동_2016_3,1
사직동_2016_4,1
사직동_2017_1,1
사직동_2017_2,1
사직동_2017_3,1
사직동_2017_4,1
사직동_2018_1,1
사직동_2018_2,1
사직동_2018_3,1
사직동_2018_4,1
사직동_2019_1,1
사직동_2019_2,1
사직동_2019_3,1
사직동_2019_4,1
사직동_2020_1,1
사직동_2020_2,1
사직동_2020_3,1
사직동_2020_4,1
사직동_2021_1,1
사직동_2021_2,1
종로2가_2014_1,1
종로2가_2014_2,1
종로2가_2014_3,1
종로2가_2014_4,1
종로2가_2015_1,1
종로2가_2015_2,1
종로2가_2015_3,1
종로2가_2015_4,1
종로2가_2016_1,1
종로2가_2016_2,1
종로2가_2016_3,1
종로2가_2016_4,1
종로2가_2017_1,1
종로2가_2017_2,1
종로2가_2017_3,1
종로2가_2018_1,1
종로2가_2018_2,1
종로2가_2018_3,1
종로2가_2018_4,1
종로2가_2019_1,1
종로2가_2019_2,1
종로2가_2019_3,1
종로2가_2019_4,1
종로2가_2020_1,1
종로2가_2020_2,1
종로2가_2020_3,1
종로2가_2020_4,1
종로2가_2021_1,1
종로2가_2021_2,1
인의동_2014_1,1
인의동_2014_2,1
인의동_2014_3,1
인의동_2014_4,1
인의동_2015_1,1
인의동_2015_2,1
인의동_2015_3,1
인의동_2015_4,1
인의동_2016_1,1
인의동_2016_2,1
인의동_2016_3,1
인의동_2016_4,1
인의동_2017_1,1
인의동_2017_2,1
인의동_2017_3,1
인의동_2017_4,1
인의동_2018_1,1
인의동_2018_2,1
인의동_2018_3,1
인의동_2018_4,1
인의동_2019_1,1
인의동_2019_2,1
인의동_2019_3,1
인의동_2019_4,1
인의동_2020_1,1
인의동_2020_2,1
인의동_2020_3,1
인의동_2020_4,1
인의동_2021_1,1
인의동_2021_2,1
세종로_2014_1,1
세종로_2014_2,1
세종로_2014_3,1
세종로_2014_4,1
세종로_2015_1,1
세종로_2015_2,1
세종로_2015_3,1
세종로_2015_4,1
세종로_2016_1,1
세종로_2016_2,1
세종로_2016_3,1
세종로_2016_4,1
세종로_2017_1,1
세종로_2017_2,1
세종로_2017_3,1
세종로_2017_4,1
세종로_2018_1,1
세종로_2018_2,1
세종로_2018_3,1
세종로_2018_4,1
세종로_2019_1,1
세종로_2019_2,1
세종로_2019_3,1
세종로_2019_4,1
세종로_2020_1,1
세종로_2020_2,1
세종로_2020_3,1
세종로_2020_4,1
세종로_2021_1,1
세종로_2021_2,1
교북동_2018_1,1
교북동_2018_2,1
교북동_2018_3,1
교북동_2018_4,1
교북동_2019_1,1
교북동_2019_2,1
교북동_2019_3,1
교북동_2019_4,1
교북동_2020_1,1
교북동_2020_2,1
교북동_2020_3,1
교북동_2020_4,1
교북동_2021_1,1
교북동_2021_2,1
서린동_2014_1,1
서린동_2014_2,1
서린동_2014_3,1
서린동_2014_4,1
서린동_2015_1,1
서린동_2015_2,1
서린동_2015_3,1
서린동_2015_4,1
서린동_2016_1,1
서린동_2016_2,1
서린동_2016_3,1
서린동_2016_4,1
서린동_2017_1,1
서린동_2017_2,1
서린동_2017_3,1
서린동_2017_4,1
서린동_2018_1,1
신천동_2017_1,3
신천동_2017_2,3
신천동_2017_3,3
신천동_2017_4,3
신천동_2018_1,3
신천동_2018_2,3
신천동_2018_3,3
문정동_2014_1,1
문정동_2014_2,1
문정동_2014_3,2
문정동_2014_4,2
문정동_2015_1,2
문정동_2015_2,2
문정동_2015_3,2
문정동_2015_4,2
문정동_2016_1,2
문정동_2016_2,3
문정동_2016_3,3
문정동_2016_4,3
문정동_2017_1,3
문정동_2017_2,5
문정동_2017_3,5
문정동_2017_4,5
문정동_2018_1,5
문정동_2018_2,5
방이동_2016_3,4
방이동_2016_4,5
방이동_2017_1,5
방이동_2017_2,5
방이동_2017_3,5
방이동_2017_4,5
방이동_2018_1,5
방이동_2018_2,5
방이동_2018_3,5
방이동_2018_4,5
방이동_2019_1,5
방이동_2019_2,5
방이동_2019_3,5
방이동_2019_4,5
방이동_2020_1,5
방이동_2020_2,5
송파동_2015_3,2
송파동_2015_4,2
송파동_2016_1,2
송파동_2016_2,2
송파동_2016_3,2
송파동_2016_4,2
송파동_2017_1,2
송파동_2017_2,2
송파동_2017_3,2
송파동_2017_4,2
송파동_2018_1,2
송파동_2018_2,2
송파동_2018_3,2
송파동_2018_4,2
송파동_2019_1,3
송파동_2019_2,3
송파동_2019_3,3
송파동_2019_4,3
송파동_2020_1,3
송파동_2020_2,3
송파동_2020_3,3
송파동_2020_4,3
송파동_2021_1,3
송파동_2021_2,3
잠실동_2014_1,3
잠실동_2014_2,3
잠실동_2014_3,3
잠실동_2014_4,3
잠실동_2015_1,3
잠실동_2015_2,3
잠실동_2015_3,3
잠실동_2015_4,3
잠실동_2016_1,3
잠실동_2016_2,3
잠실동_2016_3,3
잠실동_2016_4,3
잠실동_2017_1,3
잠실동_2017_2,3
잠실동_2017_3,3
잠실동_2017_4,3
잠실동_2018_1,3
잠실동_2018_2,3
잠실동_2018_3,3
잠실동_2018_4,3
잠실동_2019_1,3
잠실동_2019_2,3
잠실동_2019_3,3
잠실동_2019_4,3
잠실동_2020_1,3
잠실동_2020_2,3
잠실동_2020_3,3
잠실동_2020_4,3
잠실동_2021_1,3
잠실동_2021_2,3
창동_2014_1,1
창동_2014_2,1
창동_2014_3,1
창동_2014_4,1
창동_2015_1,1
창동_2015_2,1
창동_2015_3,1
창동_2015_4,1
창동_2016_1,1
창동_2016_2,1
창동_2016_3,1
창동_2016_4,1
창동_2017_1,1
창동_2017_2,1
창동_2017_3,1
창동_2017_4,1
창동_2018_1,1
창동_2018_2,1
창동_2018_3,1
창동_2018_4,1
창동_2019_1,1
창동_2019_2,2
창동_2019_3,2
창동_2019_4,2
창동_2020_1,2
창동_2020_2,2
창동_2020_3,2
창동_2020_4,2
창동_2021_1,2
천호동_2014_4,1
천호동_2015_1,1
천호동_2015_2,1
천호동_2019_1,3
천호동_2019_2,3
천호동_2019_3,3
천호동_2019_4,3
천호동_2020_1,3
천호동_2020_2,3
상계동_2014_1,3
상계동_2014_2,3
상계동_2014_3,3
상계동_2014_4,3
상계동_2015_1,3
상계동_2015_2,3
상계동_2015_3,3
상계동_2015_4,3
상계동_2016_1,3
상계동_2016_2,3
상계동_2016_3,3
상계동_2016_4,3
상계동_2017_1,3
상계동_2017_2,3
명일동_2014_2,1
명일동_2014_3,1
명일동_2014_4,1
명일동_2015_1,1
명일동_2015_2,1
명일동_2015_3,1
명일동_2015_4,1
명일동_2016_1,1
명일동_2016_2,1
명일동_2016_3,1
명일동_2016_4,1
명일동_2017_1,1
명일동_2017_2,1
명일동_2017_3,1
명일동_2017_4,1
명일동_2018_1,1
명일동_2018_2,1
명일동_2018_3,1
월계동_2014_1,2
월계동_2014_2,2
월계동_2014_3,2
월계동_2014_4,2
월계동_2015_1,2
월계동_2015_2,2
월계동_2015_3,2
월계동_2015_4,2
월계동_2016_1,2
월계동_2016_2,2
월계동_2016_3,2
월계동_2016_4,2
월계동_2017_1,2
월계동_2017_2,2
월계동_2017_3,2
월계동_2017_4,2
월계동_2018_1,2
월계동_2018_2,2
월계동_2018_3,2
월계동_2018_4,2
월계동_2019_1,3
월계동_2019_2,3
월계동_2019_3,3
월계동_2019_4,3
화양동_2014_1,1
화양동_2014_2,1
화양동_2014_3,1
화양동_2014_4,1
화양동_2015_1,1
화양동_2015_2,1
화양동_2015_3,1
화양동_2015_4,1
화양동_2016_1,1
화양동_2016_2,1
화양동_2016_3,1
화양동_2016_4,1
화양동_2017_1,1
화양동_2017_2,1
화양동_2017_3,1
화양동_2017_4,1
화양동_2018_1,1
화양동_2018_2,1
화양동_2018_3,1
화양동_2018_4,1
화양동_2019_1,1
화양동_2019_2,1
화양동_2019_3,1
화양동_2019_4,2
화양동_2020_1,2
화양동_2020_2,2
화양동_2020_3,2
화양동_2020_4,2
화양동_2021_1,2
화양동_2021_2,2
중계동_2014_1,1
중계동_2014_2,1
중계동_2014_3,1
중계동_2014_4,1
중계동_2015_1,1
중계동_2015_2,1
중계동_2015_3,1
중계동_2015_4,1
중계동_2016_1,1
중계동_2016_2,1
중계동_2016_3,1
중계동_2016_4,1
중계동_2017_1,1
중계동_2017_2,1
중계동_2017_3,1
중계동_2017_4,1
중계동_2018_1,1
중계동_2018_2,1
중계동_2018_3,1
중계동_2018_4,1
중계동_2019_1,1
중계동_2019_2,1
중계동_2019_3,1
중계동_2019_4,1
중계동_2020_1,1
중계동_2020_2,1
중계동_2020_3,1
중계동_2020_4,1
중계동_2021_1,1
중계동_2021_2,1
가산동_2014_1,5
가산동_2014_2,5
가산동_2014_3,5
가산동_2014_4,5
가산동_2015_1,5
가산동_2015_2,5
가산동_2015_3,5
가산동_2015_4,5
가산동_2016_1,5
가산동_2016_2,6
가산동_2016_3,6
가산동_2016_4,6
가산동_2017_1,6
가산동_2017_2,6
가산동_2017_3,6
가산동_2017_4,6
가산동_2018_1,6
가산동_2018_2,6
독산동_2014_2,1
독산동_2014_3,1
독산동_2014_4,1
독산동_2015_1,1
독산동_2015_2,1
독산동_2015_3,1
독산동_2015_4,1
독산동_2016_1,1
독산동_2016_2,1
독산동_2016_3,1
독산동_2016_4,1
독산동_2017_1,1
독산동_2017_2,2
독산동_2017_3,2
독산동_2017_4,2
독산동_2018_1,2
독산동_2018_2,2
독산동_2018_3,2
독산동_2018_4,2
독산동_2019_1,2
독산동_2019_2,2
독산동_2019_3,2
독산동_2019_4,2
독산동_2020_1,2
독산동_2020_2,2
독산동_2020_3,2
독산동_2020_4,2
독산동_2021_1,2
독산동_2021_2,2
자양동_2014_1,3
자양동_2014_2,3
자양동_2014_3,3
자양동_2014_4,3
자양동_2015_1,4
자양동_2015_2,4
자양동_2015_3,4
자양동_2015_4,4
자양동_2016_1,4
자양동_2016_2,4
자양동_2016_3,4
자양동_2016_4,4
자양동_2017_1,4
자양동_2017_2,4
자양동_2017_3,4
자양동_2017_4,4
자양동_2018_1,4
자양동_2018_2,4
자양동_2018_3,4
자양동_2018_4,4
자양동_2019_1,4
자양동_2019_2,4
자양동_2019_3,4
자양동_2019_4,4
자양동_2020_1,4
자양동_2020_2,4
미아동_2014_4,2
미아동_2015_1,2
미아동_2015_2,2
미아동_2015_3,2
미아동_2015_4,2
미아동_2016_1,2
미아동_2016_2,2
미아동_2016_3,2
미아동_2016_4,3
미아동_2017_1,3
미아동_2017_2,3
미아동_2017_3,3
미아동_2017_4,3
미아동_2018_1,3
미아동_2018_2,3
미아동_2018_3,3
미아동_2018_4,3
미아동_2019_1,3
미아동_2019_2,3
미아동_2019_3,3
미아동_2019_4,3
미아동_2020_1,3
미아동_2020_2,3
미아동_2020_3,3
미아동_2020_4,3
미아동_2021_1,3
미아동_2021_2,3
방화동_2017_4,1
방화동_2018_1,1
방화동_2018_2,1
방화동_2018_3,1
방화동_2018_4,1
방화동_2019_1,1
방화동_2019_2,1
방화동_2019_3,1
방화동_2019_4,1
방화동_2020_1,1
방화동_2020_2,1
방화동_2020_3,1
방화동_2020_4,1
방화동_2021_1,1
방화동_2021_2,1
성내동_2014_1,1
시흥동_2017_1,1
시흥동_2017_2,1
시흥동_2017_3,1
시흥동_2017_4,1
시흥동_2018_1,1
시흥동_2018_2,1
시흥동_2018_3,1
시흥동_2018_4,1
시흥동_2019_1,1
시흥동_2019_2,1
시흥동_2019_3,1
시흥동_2019_4,1
시흥동_2020_1,1
상일동_2014_1,1
상일동_2014_2,1
상일동_2014_3,1
상일동_2014_4,1
상일동_2015_1,1
상일동_2015_2,1
상일동_2015_3,1
상일동_2015_4,1
상일동_2016_1,1
상일동_2016_2,1
상일동_2016_3,1
상일동_2016_4,1
상일동_2017_1,1
상일동_2017_2,1
상일동_2017_3,1
상일동_2017_4,1
상일동_2018_1,1
상일동_2018_2,1
상일동_2018_3,1
상일동_2018_4,1
상일동_2019_1,1
상일동_2019_2,1
상일동_2019_3,1
상일동_2019_4,1
상일동_2020_1,1
상일동_2020_2,1
상일동_2020_3,1
상일동_2020_4,1
상일동_2021_1,1
상일동_2021_2,1
구의동_2015_2,3
구의동_2015_3,3
구의동_2015_4,3
구의동_2016_1,3
구의동_2016_2,3
구의동_2016_3,3
구의동_2016_4,3
구의동_2017_1,3
구의동_2017_2,3
군자동_2014_2,1
군자동_2014_3,1
군자동_2014_4,1
군자동_2015_1,1
군자동_2015_2,1
군자동_2015_3,1
군자동_2015_4,1
군자동_2016_1,1
군자동_2016_2,1
군자동_2016_3,1
군자동_2016_4,1
군자동_2017_1,1
군자동_2017_2,1
군자동_2017_3,1
군자동_2017_4,1
군자동_2018_1,1
군자동_2018_2,1
군자동_2018_3,1
군자동_2018_4,1
군자동_2019_1,2
군자동_2019_2,2
군자동_2019_3,2
군자동_2019_4,2
군자동_2020_1,2
군자동_2020_2,2
군자동_2020_3,2
군자동_2020_4,2
군자동_2021_1,2
군자동_2021_2,2
구의동_2014_2,2
구의동_2014_3,2
구의동_2014_4,2
구의동_2015_1,2
수유동_2015_3,1
수유동_2015_4,1
수유동_2016_1,1
수유동_2016_2,1
수유동_2016_3,1
수유동_2016_4,1
수유동_2017_1,1
수유동_2017_2,1
수유동_2017_3,1
수유동_2017_4,1
수유동_2018_1,1
수유동_2018_2,1
수유동_2018_3,1
수유동_2018_4,1
수유동_2019_1,1
수유동_2019_2,1
수유동_2019_3,1
수유동_2019_4,1
수유동_2020_1,1
수유동_2020_2,1
수유동_2020_3,1
수유동_2020_4,1
수유동_2021_1,1
수유동_2021_2,1
내발산동_2018_2,1
내발산동_2018_3,1
내발산동_2018_4,1
내발산동_2019_1,1
내발산동_2019_2,1
내발산동_2019_3,1
내발산동_2019_4,1
내발산동_2020_1,1
내발산동_2020_2,1
내발산동_2020_3,1
내발산동_2020_4,1
내발산동_2021_1,1
내발산동_2021_2,1
광장동_2014_1,2
광장동_2014_2,2
광장동_2014_3,2
광장동_2014_4,2
광장동_2015_1,2
광장동_2015_2,2
광장동_2015_3,2
광장동_2015_4,2
광장동_2016_1,2
광장동_2016_2,2
광장동_2016_3,2
광장동_2016_4,2
광장동_2017_1,2
광장동_2017_2,2
광장동_2017_3,2
광장동_2017_4,2
광장동_2018_1,2
광장동_2018_2,2
광장동_2018_3,2
광장동_2018_4,2
광장동_2019_1,2
광장동_2019_2,2
광장동_2019_3,2
광장동_2019_4,2
광장동_2020_1,2
광장동_2020_2,2
광장동_2020_3,2
광장동_2020_4,2
광장동_2021_1,2
광장동_2021_2,2
구의동_2014_1,1
염창동_2014_1,1
염창동_2014_2,1
염창동_2014_3,1
염창동_2014_4,1
염창동_2015_1,1
염창동_2015_2,1
염창동_2015_3,1
염창동_2015_4,1
염창동_2016_1,1
염창동_2016_2,1
염창동_2016_3,1
염창동_2016_4,1
염창동_2017_1,1
염창동_2017_2,1
염창동_2017_3,1
염창동_2017_4,1
염창동_2018_1,1
염창동_2018_2,1
염창동_2018_3,1
염창동_2018_4,1
염창동_2019_1,1
염창동_2019_2,1
염창동_2019_3,1
염창동_2019_4,1
염창동_2020_1,1
염창동_2020_2,1
염창동_2020_3,1
염창동_2020_4,1
상도동_2014_1,1
상도동_2014_2,1
상도동_2014_3,1
상도동_2014_4,1
상도동_2015_1,1
상도동_2015_2,1
상도동_2015_3,1
상도동_2015_4,2
상도동_2016_1,2
상도동_2016_2,2
상도동_2016_3,2
상도동_2016_4,2
상도동_2017_1,2
상도동_2017_2,2
상도동_2017_3,3
상도동_2017_4,3
상도동_2018_1,3
상도동_2018_2,3
상도동_2018_3,3
상도동_2018_4,3
상도동_2019_1,3
상도동_2019_2,3
상도동_2019_3,3
상도동_2019_4,3
상도동_2020_1,3
상도동_2020_2,3
상도동_2020_3,3
상도동_2020_4,3
상도동_2021_1,3
상도동_2021_2,3
가양동_2014_1,1
가양동_2014_2,1
가양동_2014_3,1
가양동_2014_4,1
가양동_2015_1,1
가양동_2015_2,1
가양동_2015_3,1
가양동_2015_4,1
가양동_2016_1,1
가양동_2016_2,1
가양동_2016_3,1
가양동_2016_4,1
가양동_2017_1,1
가양동_2017_2,1
가양동_2017_3,1
가양동_2017_4,1
가양동_2018_1,1
가양동_2018_2,1
가양동_2018_3,1
가양동_2018_4,1
가양동_2019_1,1
가양동_2019_2,1
가양동_2019_3,1
가양동_2019_4,1
가양동_2020_1,1
가양동_2020_2,1
가양동_2020_3,1
가양동_2020_4,1
가양동_2021_1,1
가양동_2021_2,1
번동_2014_1,1
번동_2014_2,1
번동_2014_3,1
번동_2014_4,1
번동_2015_1,1
번동_2015_2,1
번동_2015_3,1
번동_2015_4,1
번동_2016_1,1
번동_2016_2,1
번동_2016_3,1
번동_2016_4,1
번동_2017_1,1
번동_2017_2,1
번동_2017_3,1
번동_2017_4,1
번동_2018_1,1
번동_2018_2,1
번동_2018_3,1
번동_2018_4,1
번동_2019_1,1
번동_2019_2,1
번동_2019_3,1
번동_2019_4,1
번동_2020_1,1
번동_2020_2,1
번동_2020_3,1
번동_2020_4,1
번동_2021_1,1
번동_2021_2,1
흑석동_2016_4,1
흑석동_2017_1,1
흑석동_2017_2,1
흑석동_2017_3,1
흑석동_2017_4,1
흑석동_2018_1,1
흑석동_2018_2,1
흑석동_2018_3,1
흑석동_2018_4,1
흑석동_2019_1,1
흑석동_2019_2,1
흑석동_2019_3,1
흑석동_2019_4,1
흑석동_2020_1,1
흑석동_2020_2,1
흑석동_2020_3,1
흑석동_2020_4,1
흑석동_2021_1,1
흑석동_2021_2,1
사당동_2014_1,1
사당동_2014_2,1
사당동_2014_3,1
사당동_2014_4,1
사당동_2015_1,1
사당동_2015_2,1
사당동_2015_3,1
사당동_2015_4,1
사당동_2016_1,1
사당동_2016_2,1
사당동_2016_3,1
사당동_2016_4,1
사당동_2017_1,1
사당동_2017_2,1
사당동_2017_3,1
사당동_2017_4,1
사당동_2018_1,1
사당동_2018_2,1
사당동_2018_3,1
미아동_2014_1,1
미아동_2014_2,1
미아동_2014_3,1
마곡동_2017_3,3
마곡동_2017_4,3
마곡동_2018_1,3
마곡동_2018_2,3
마곡동_2016_4,1
마곡동_2017_1,1
마곡동_2017_2,2
등촌동_2014_1,1
등촌동_2014_2,1
등촌동_2014_3,1
등촌동_2014_4,1
노량진동_2018_2,1
노량진동_2018_3,1
노량진동_2018_4,1
노량진동_2019_1,1
노량진동_2019_2,1
노량진동_2019_3,1
노량진동_2019_4,2
노량진동_2020_1,2
노량진동_2020_2,2
노량진동_2020_3,2
노량진동_2020_4,2
노량진동_2021_1,2
노량진동_2021_2,2
성수동1가_2019_4,2
성수동1가_2020_1,2
성수동1가_2020_2,2
성수동1가_2020_3,2
성수동1가_2020_4,2
성수동1가_2021_1,2
성수동1가_2021_2,2
효창동_2019_4,1
효창동_2020_1,1
효창동_2020_2,1
효창동_2020_3,1
효창동_2020_4,1
효창동_2021_1,1
효창동_2021_2,1
돈암동_2019_4,1
돈암동_2020_1,1
돈암동_2020_2,1
돈암동_2020_3,1
돈암동_2020_4,1
돈암동_2021_1,1
돈암동_2021_2,1
을지로4가_2019_4,1
을지로4가_2020_1,1
을지로4가_2020_2,1
을지로4가_2020_3,1
을지로4가_2020_4,1
을지로4가_2021_1,1
을지로4가_2021_2,1
금호동4가_2019_4,1
금호동4가_2020_1,1
금호동4가_2020_2,1
금호동4가_2020_3,1
금호동4가_2020_4,1
금호동4가_2021_1,1
금호동4가_2021_2,1
방이동_2015_4,3
방이동_2016_1,3
방이동_2016_2,3
방이동_2015_3,2
신천동_2014_1,2
신천동_2014_2,2
신천동_2014_3,2
신천동_2014_4,2
신천동_2015_1,2
신천동_2015_2,2
신천동_2015_3,2
신천동_2015_4,2
신천동_2016_1,2
신천동_2016_2,2
신천동_2016_3,2
신천동_2016_4,2
영등포동3가_2014_1,1
영등포동3가_2014_2,1
영등포동3가_2014_3,1
영등포동3가_2014_4,1
영등포동3가_2015_1,1
영등포동3가_2015_2,1
영등포동3가_2015_3,1
영등포동3가_2015_4,1
영등포동3가_2016_1,1
영등포동3가_2016_2,1
영등포동3가_2016_3,1
영등포동3가_2016_4,1
영등포동3가_2017_1,1
영등포동3가_2017_2,1
영등포동3가_2017_3,1
영등포동3가_2017_4,1
영등포동3가_2018_1,1
영등포동3가_2018_2,1
영등포동3가_2018_3,1
영등포동3가_2018_4,1
영등포동3가_2019_1,1
영등포동3가_2019_2,1
영등포동3가_2019_3,1
영등포동3가_2019_4,1
영등포동3가_2020_1,1
영등포동3가_2020_2,1
영등포동3가_2020_3,1
영등포동3가_2020_4,1
영등포동3가_2021_1,1
영등포동3가_2021_2,1
장지동_2017_2,1
장지동_2017_3,1
장지동_2017_4,1
장지동_2018_1,1
장지동_2018_2,1
장지동_2018_3,1
장지동_2018_4,1
장지동_2019_1,1
장지동_2019_2,1
장지동_2019_3,1
장지동_2019_4,1
장지동_2020_1,1
장지동_2020_2,1
장지동_2020_3,1
장지동_2020_4,1
장지동_2021_1,1
장지동_2021_2,1
오금동_2014_1,1
오금동_2014_2,1
오금동_2014_3,1
오금동_2014_4,1
오금동_2015_1,1
오금동_2015_2,1
오금동_2015_3,1
오금동_2015_4,1
오금동_2016_1,1
오금동_2016_2,1
오금동_2016_3,1
오금동_2016_4,1
오금동_2017_1,1
오금동_2017_2,1
오금동_2017_3,1
오금동_2017_4,1
오금동_2018_1,1
오금동_2018_2,1
오금동_2018_3,1
오금동_2018_4,1
오금동_2019_1,1
오금동_2019_2,1
오금동_2019_3,1
오금동_2019_4,1
오금동_2020_1,1
오금동_2020_2,1
오금동_2020_3,1
오금동_2020_4,1
오금동_2021_1,1
오금동_2021_2,1
송파동_2014_1,1
송파동_2014_2,1
송파동_2014_3,1
송파동_2014_4,1
송파동_2015_1,1
송파동_2015_2,1
충정로1가_2014_1,1
충정로1가_2014_2,1
충정로1가_2014_3,1
충정로1가_2014_4,1
충정로1가_2015_1,1
충정로1가_2015_2,1
충정로1가_2015_3,1
충정로1가_2015_4,1
충정로1가_2016_1,1
충정로1가_2016_2,1
충정로1가_2016_3,1
충정로1가_2016_4,1
충정로1가_2017_1,1
충정로1가_2017_2,1
충정로1가_2017_3,1
충정로1가_2017_4,1
충정로1가_2018_1,1
충정로1가_2018_2,1
충정로1가_2018_3,1
충정로1가_2018_4,1
충정로1가_2019_1,1
충정로1가_2019_2,1
충정로1가_2019_3,1
충정로1가_2019_4,1
충정로1가_2020_1,1
충정로1가_2020_2,1
충정로1가_2020_3,1
충정로1가_2020_4,1
충정로1가_2021_1,1
충정로1가_2021_2,1
창천동_2020_3,5
창천동_2020_4,5
남대문로5가_2014_1,2
남대문로5가_2014_2,2
남대문로5가_2014_3,2
남대문로5가_2014_4,2
남대문로5가_2015_1,2
남대문로5가_2015_2,2
남대문로5가_2015_3,2
남대문로5가_2015_4,2
남대문로5가_2016_1,2
남대문로5가_2016_2,2
남대문로5가_2016_3,3
남대문로5가_2016_4,3
남대문로5가_2017_1,3
남대문로5가_2017_2,4
남대문로5가_2017_3,4
남대문로5가_2017_4,4
남대문로5가_2018_1,4
남대문로5가_2018_2,4
남대문로5가_2018_3,4
남대문로5가_2018_4,4
남대문로5가_2019_1,4
남대문로5가_2019_2,4
남대문로5가_2019_3,4
남대문로5가_2019_4,4
남대문로5가_2020_1,4
남대문로5가_2020_2,4
가락동_2014_1,2
가락동_2014_2,2
가락동_2014_3,2
갈현동_2017_1,1
갈현동_2017_2,1
갈현동_2017_3,1
갈현동_2017_4,1
갈현동_2018_1,1
갈현동_2018_2,1
갈현동_2018_3,1
갈현동_2018_4,1
갈현동_2019_1,1
갈현동_2019_2,1
갈현동_2019_3,1
갈현동_2019_4,1
갈현동_2020_1,1
갈현동_2020_2,1
갈현동_2020_3,1
갈현동_2020_4,1
갈현동_2021_1,1
갈현동_2021_2,1
서소문동_2014_1,3
서소문동_2014_2,3
서소문동_2014_3,3
서소문동_2014_4,4
서소문동_2015_1,4
서소문동_2015_2,4
서소문동_2015_3,4
서소문동_2015_4,4
서소문동_2016_1,4
서소문동_2016_2,4
서소문동_2016_3,4
서소문동_2016_4,4
서소문동_2017_1,4
서소문동_2017_2,4
서소문동_2017_3,4
서소문동_2017_4,4
서소문동_2018_1,4
서소문동_2018_2,4
서소문동_2018_3,4
서소문동_2018_4,4
서소문동_2019_1,4
서소문동_2019_2,4
서소문동_2019_3,4
서소문동_2019_4,4
서소문동_2020_1,4
서소문동_2020_2,4
서소문동_2020_3,4
서소문동_2020_4,4
서소문동_2021_1,4
서소문동_2021_2,4
응암동_2014_1,1
응암동_2014_2,2
응암동_2014_3,2
응암동_2014_4,2
응암동_2015_1,2
응암동_2015_2,2
응암동_2015_3,2
응암동_2015_4,2
응암동_2016_1,2
응암동_2016_2,2
응암동_2016_3,2
응암동_2016_4,2
응암동_2017_1,2
응암동_2017_2,2
응암동_2017_3,2
응암동_2017_4,2
응암동_2018_1,2
응암동_2018_2,2
응암동_2018_3,2
응암동_2018_4,2
응암동_2019_1,2
응암동_2019_2,2
응암동_2019_3,2
응암동_2019_4,2
응암동_2020_1,2
응암동_2020_2,2
응암동_2020_3,2
응암동_2020_4,2
응암동_2021_1,2
응암동_2021_2,2
황학동_2014_1,1
황학동_2014_2,1
황학동_2014_3,1
황학동_2014_4,1
황학동_2015_1,1
황학동_2015_2,1
황학동_2015_3,1
황학동_2015_4,1
황학동_2016_1,1
황학동_2016_2,1
황학동_2016_3,1
황학동_2016_4,1
황학동_2017_1,1
황학동_2017_2,1
황학동_2017_3,1
황학동_2017_4,1
황학동_2018_1,1
황학동_2018_2,1
황학동_2018_3,1
황학동_2018_4,1
황학동_2019_1,1
황학동_2019_2,1
황학동_2019_3,1
황학동_2019_4,1
황학동_2020_1,1
황학동_2020_2,1
황학동_2020_3,1
황학동_2020_4,1
황학동_2021_1,1
황학동_2021_2,1
잠원동_2015_1,3
잠원동_2015_2,3
잠원동_2015_3,3
잠원동_2015_4,3
잠원동_2016_1,3
잠원동_2016_2,3
잠원동_2016_3,3
잠원동_2016_4,3
한강로3가_2014_1,1
한강로3가_2014_2,1
한강로3가_2014_3,1
한강로3가_2014_4,1
한강로3가_2015_1,1
한강로3가_2015_2,1
한강로3가_2015_3,1
한강로3가_2015_4,1
한강로3가_2016_1,1
한강로3가_2016_2,1
한강로3가_2016_3,1
한강로3가_2016_4,1
한강로3가_2017_1,1
한강로3가_2017_2,1
한강로3가_2017_3,1
한강로3가_2017_4,1
한강로3가_2018_1,1
한강로3가_2018_2,1
한강로3가_2018_3,1
한강로3가_2018_4,1
한강로3가_2019_1,1
한강로3가_2019_2,1
한강로3가_2019_3,1
한강로3가_2019_4,1
한강로3가_2020_1,1
한강로3가_2020_2,1
한강로3가_2020_3,1
순화동_2014_1,2
순화동_2014_2,2
순화동_2014_3,2
순화동_2014_4,2
순화동_2015_1,2
순화동_2015_2,2
순화동_2015_3,2
순화동_2015_4,2
순화동_2016_1,2
순화동_2016_2,2
순화동_2016_3,2
순화동_2016_4,2
순화동_2017_1,2
순화동_2017_2,2
순화동_2017_3,2
순화동_2017_4,2
순화동_2018_1,2
순화동_2018_2,2
순화동_2018_3,2
순화동_2018_4,2
순화동_2019_1,2
순화동_2019_2,2
순화동_2019_3,2
순화동_2019_4,2
순화동_2020_1,2
순화동_2020_2,2
순화동_2020_3,2
순화동_2020_4,2
순화동_2021_1,2
순화동_2021_2,2
소공동_2014_1,3
소공동_2014_2,3
소공동_2014_3,3
소공동_2014_4,3
소공동_2015_1,3
소공동_2015_2,3
소공동_2015_3,3
소공동_2015_4,3
소공동_2016_1,3
소공동_2016_2,3
소공동_2016_3,3
소공동_2016_4,3
소공동_2017_1,3
소공동_2017_2,3
소공동_2017_3,3
소공동_2017_4,3
소공동_2018_1,3
소공동_2018_2,3
소공동_2018_3,3
소공동_2018_4,3
소공동_2019_1,3
소공동_2019_2,3
소공동_2019_3,3
소공동_2019_4,3
소공동_2020_1,3
소공동_2020_2,3
소공동_2020_3,3
소공동_2020_4,3
소공동_2021_1,3
소공동_2021_2,3
대신동_2014_1,1
대신동_2014_2,1
대신동_2014_3,1
대신동_2014_4,1
대신동_2015_1,1
대신동_2015_2,1
대신동_2015_3,1
대신동_2015_4,1
대신동_2016_1,1
대신동_2016_2,1
대신동_2016_3,1
대신동_2016_4,1
대신동_2017_1,1
대신동_2017_2,1
대신동_2017_3,1
대신동_2017_4,1
대신동_2018_1,1
대신동_2018_2,1
대신동_2018_3,1
대신동_2018_4,1
대신동_2019_1,1
대신동_2019_2,1
대신동_2019_3,1
대신동_2019_4,1
대신동_2020_1,1
대신동_2020_2,1
대신동_2020_3,1
대신동_2020_4,1
대신동_2021_1,1
대신동_2021_2,1
동선동2가_2016_2,1
동선동2가_2016_3,1
동선동2가_2016_4,1
동선동2가_2017_1,1
동선동2가_2017_2,1
동선동2가_2017_3,1
동선동2가_2017_4,1
동선동2가_2018_1,1
동선동2가_2018_2,1
동선동2가_2018_3,1
동선동2가_2018_4,1
동선동2가_2019_1,1
동선동2가_2019_2,1
동선동2가_2019_3,1
동선동2가_2019_4,1
동선동2가_2020_1,1
동선동2가_2020_2,1
동선동2가_2020_3,1
동선동2가_2020_4,1
동선동2가_2021_1,1
동선동2가_2021_2,1
양재동_2014_4,3
양재동_2015_1,3
양재동_2015_2,3
양재동_2015_3,3
양재동_2015_4,3
양재동_2016_1,3
양재동_2016_2,3
양재동_2016_3,3
양재동_2016_4,3
양재동_2017_1,3
양재동_2017_2,3
양재동_2017_3,3
양재동_2017_4,3
양재동_2018_1,3
양재동_2018_2,3
양재동_2018_3,3
양재동_2018_4,3
양재동_2019_1,3
양재동_2019_2,3
양재동_2019_3,3
양재동_2019_4,3
양재동_2020_1,3
양재동_2020_2,3
양재동_2020_3,3
양재동_2020_4,3
양재동_2021_1,3
양재동_2021_2,3
무교동_2014_1,1
무교동_2014_2,1
무교동_2014_3,1
무교동_2014_4,1
무교동_2015_1,1
무교동_2015_2,1
무교동_2015_3,1
무교동_2015_4,1
무교동_2016_1,1
무교동_2016_2,1
무교동_2016_3,1
무교동_2016_4,1
무교동_2017_1,1
무교동_2017_2,1
무교동_2017_3,1
무교동_2017_4,1
무교동_2018_1,1
무교동_2018_2,1
무교동_2018_3,1
무교동_2018_4,1
무교동_2019_1,1
무교동_2019_2,1
무교동_2019_3,1
무교동_2019_4,1
무교동_2020_1,1
무교동_2020_2,1
무교동_2020_3,1
하월곡동_2017_2,2
하월곡동_2017_3,2
하월곡동_2017_4,2
하월곡동_2018_1,2
하월곡동_2018_2,2
하월곡동_2018_3,2
하월곡동_2018_4,2
하월곡동_2019_1,2
하월곡동_2019_2,2
하월곡동_2019_3,2
하월곡동_2019_4,2
하월곡동_2020_1,2
하월곡동_2020_2,2
하월곡동_2020_3,2
하월곡동_2020_4,2
하월곡동_2021_1,2
하월곡동_2021_2,2
안암동5가_2019_3,2
안암동5가_2019_4,2
안암동5가_2020_1,2
안암동5가_2020_2,2
안암동5가_2020_3,2
안암동5가_2020_4,2
안암동5가_2021_1,2
안암동5가_2021_2,2
종암동_2018_2,2
종암동_2018_3,2
종암동_2018_4,2
종암동_2019_1,2
종암동_2019_2,2
종암동_2019_3,2
종암동_2019_4,2
종암동_2020_1,2
종암동_2020_2,2
종암동_2020_3,2
종암동_2020_4,2
종암동_2021_1,2
종암동_2021_2,2
성수동2가_2017_3,2
성수동2가_2017_4,2
성수동2가_2018_1,2
성수동2가_2018_2,2
성수동2가_2018_3,2
성수동2가_2018_4,2
성수동2가_2019_1,2
성수동2가_2019_2,2
성수동2가_2019_3,2
성수동2가_2019_4,2
성수동2가_2020_1,2
성수동2가_2020_2,2
대현동_2014_1,2
대현동_2014_2,2
대현동_2014_3,2
대현동_2014_4,2
대현동_2015_1,2
대현동_2015_2,2
대현동_2015_3,2
대현동_2015_4,2
대현동_2016_1,2
대현동_2016_2,2
대현동_2016_3,2
대현동_2016_4,2
대현동_2017_1,2
대현동_2017_2,2
대현동_2017_3,2
대현동_2017_4,2
대현동_2018_1,2
대현동_2018_2,2
대현동_2018_3,2
대현동_2018_4,2
대현동_2019_1,2
대현동_2019_2,2
대현동_2019_3,2
대현동_2019_4,2
대현동_2020_1,2
대현동_2020_2,2
대현동_2020_3,2
대현동_2020_4,2
대현동_2021_1,2
대현동_2021_2,2
성수동1가_2017_4,1
성수동1가_2018_1,1
성수동1가_2018_2,1
성수동1가_2018_3,1
성수동1가_2018_4,1
성수동1가_2019_1,1
성수동1가_2019_2,1
성수동1가_2019_3,1
하월곡동_2014_1,1
하월곡동_2014_2,1
하월곡동_2014_3,1
하월곡동_2014_4,1
하월곡동_2015_1,1
하월곡동_2015_2,1
하월곡동_2015_3,1
하월곡동_2015_4,1
하월곡동_2016_1,1
하월곡동_2016_2,1
하월곡동_2016_3,1
하월곡동_2016_4,1
하월곡동_2017_1,1
종암동_2015_4,1
종암동_2016_1,1
종암동_2016_2,1
종암동_2016_3,1
종암동_2016_4,1
종암동_2017_1,1
종암동_2017_2,1
종암동_2017_3,1
종암동_2017_4,1
종암동_2018_1,1
필동2가_2014_1,2
필동2가_2014_2,2
필동2가_2014_3,2
필동2가_2014_4,2
필동2가_2015_1,2
필동2가_2015_2,2
필동2가_2015_3,2
필동2가_2015_4,2
필동2가_2016_1,2
필동2가_2016_2,2
필동2가_2016_3,2
필동2가_2016_4,2
필동2가_2017_1,2
필동2가_2017_2,2
필동2가_2017_3,2
필동2가_2017_4,2
필동2가_2018_1,2
필동2가_2018_2,2
필동2가_2018_3,2
필동2가_2018_4,2
필동2가_2019_1,2
필동2가_2019_2,2
필동2가_2019_3,2
필동2가_2019_4,2
필동2가_2020_1,2
필동2가_2020_2,2
필동2가_2020_3,2
필동2가_2020_4,2
필동2가_2021_1,2
필동2가_2021_2,2
동소문동2가_2014_1,1
동소문동2가_2014_2,1
동소문동2가_2014_3,1
동소문동2가_2014_4,1
동소문동2가_2015_1,1
동소문동2가_2015_2,1
동소문동2가_2015_3,1
동소문동2가_2015_4,1
동소문동2가_2016_1,1
동소문동2가_2016_2,1
동소문동2가_2016_3,1
동소문동2가_2016_4,1
동소문동2가_2017_1,1
동소문동2가_2017_2,1
동소문동2가_2017_3,1
동소문동2가_2017_4,1
동소문동2가_2018_1,1
동소문동2가_2018_2,1
동소문동2가_2018_3,1
동소문동2가_2018_4,1
동소문동2가_2019_1,1
동소문동2가_2019_2,1
동소문동2가_2019_3,1
동소문동2가_2019_4,1
동소문동2가_2020_1,1
동소문동2가_2020_2,1
동소문동2가_2020_3,1
동소문동2가_2020_4,1
동소문동2가_2021_1,1
동소문동2가_2021_2,1
하왕십리동_2017_2,2
하왕십리동_2017_3,2
하왕십리동_2017_4,2
하왕십리동_2018_1,2
하왕십리동_2018_2,2
하왕십리동_2018_3,2
하왕십리동_2018_4,2
하왕십리동_2019_1,2
하왕십리동_2019_2,2
하왕십리동_2019_3,2
하왕십리동_2019_4,2
하왕십리동_2020_1,2
하왕십리동_2020_2,2
하왕십리동_2020_3,2
하왕십리동_2020_4,2
하왕십리동_2021_1,2
하왕십리동_2021_2,2
청파동3가_2014_1,1
청파동3가_2014_2,1
청파동3가_2014_3,1
청파동3가_2014_4,1
청파동3가_2015_1,1
청파동3가_2015_2,1
청파동3가_2015_3,1
청파동3가_2015_4,1
청파동3가_2016_1,1
청파동3가_2016_2,1
청파동3가_2016_3,1
청파동3가_2016_4,1
청파동3가_2017_1,1
청파동3가_2017_2,1
청파동3가_2017_3,1
청파동3가_2017_4,1
청파동3가_2018_1,1
청파동3가_2018_2,1
청파동3가_2018_3,1
청파동3가_2018_4,1
청파동3가_2019_1,1
청파동3가_2019_2,1
청파동3가_2019_3,1
청파동3가_2019_4,1
청파동3가_2020_1,1
청파동3가_2020_2,1
청파동3가_2020_3,1
청파동3가_2020_4,1
청파동3가_2021_1,1
청파동3가_2021_2,1
충정로2가_2014_1,1
충정로2가_2014_2,1
충정로2가_2014_3,1
충정로2가_2014_4,1
충정로2가_2015_1,1
충정로2가_2015_2,1
충정로2가_2015_3,1
충정로2가_2015_4,1
충정로2가_2016_1,1
충정로2가_2016_2,1
충정로2가_2016_3,1
충정로2가_2016_4,1
충정로2가_2017_1,1
충정로2가_2017_2,1
충정로2가_2017_3,1
충정로2가_2017_4,1
충정로2가_2018_1,1
충정로2가_2018_2,1
충정로2가_2018_3,1
충정로2가_2018_4,1
충정로2가_2019_1,1
충정로2가_2019_2,1
충정로2가_2019_3,1
충정로2가_2019_4,1
충정로2가_2020_1,1
충정로2가_2020_2,1
충정로2가_2020_3,1
충정로2가_2020_4,1
충정로2가_2021_1,1
충정로2가_2021_2,1
신월동_2015_3,1
신월동_2015_4,1
신월동_2016_1,1
신월동_2016_2,1
신월동_2016_3,1
신월동_2016_4,1
신월동_2017_1,1
신월동_2017_2,1
신월동_2017_3,1
신월동_2017_4,1
신월동_2018_1,1
신월동_2018_2,1
신월동_2018_3,1
신월동_2018_4,1
신월동_2019_1,1
신월동_2019_2,1
신월동_2019_3,1
신월동_2019_4,1
신월동_2020_1,1
신월동_2020_2,1
신월동_2020_3,1
신월동_2020_4,1
신월동_2021_1,1
신촌동_2014_1,1
신촌동_2014_2,1
신촌동_2014_3,1
신촌동_2014_4,1
신촌동_2015_1,1
신촌동_2015_2,1
신촌동_2015_3,1
신촌동_2015_4,2
신촌동_2016_1,2
신촌동_2016_2,2
신촌동_2016_3,2
신촌동_2016_4,2
신촌동_2017_1,2
신촌동_2017_2,2
신촌동_2017_3,2
신촌동_2017_4,2
신촌동_2018_1,2
신촌동_2018_2,2
신촌동_2018_3,2
신촌동_2018_4,2
신촌동_2019_1,2
신촌동_2019_2,2
신촌동_2019_3,2
신촌동_2019_4,2
신촌동_2020_1,2
신촌동_2020_2,2
신촌동_2020_3,2
신촌동_2020_4,2
신촌동_2021_1,2
신촌동_2021_2,2
이촌동_2017_3,2
이촌동_2017_4,2
이촌동_2018_1,2
이촌동_2018_2,2
이촌동_2018_3,2
이촌동_2018_4,2
이촌동_2019_1,2
이촌동_2019_2,2
이촌동_2019_3,2
이촌동_2019_4,2
이촌동_2020_1,2
이촌동_2020_2,2
이촌동_2020_3,2
이촌동_2020_4,2
이촌동_2021_1,2
이촌동_2021_2,2
이촌동_2014_1,1
이촌동_2014_2,1
이촌동_2014_3,1
이촌동_2014_4,1
이촌동_2015_1,1
이촌동_2015_2,1
이촌동_2015_3,1
이촌동_2015_4,1
이촌동_2016_1,1
이촌동_2016_2,1
이촌동_2016_3,1
이촌동_2016_4,1
이촌동_2017_1,1
이촌동_2017_2,1
한남동_2020_4,2
한남동_2021_1,2
한남동_2021_2,2
갈월동_2014_1,1
갈월동_2014_2,1
갈월동_2014_3,1
갈월동_2014_4,1
갈월동_2015_1,1
갈월동_2015_2,1
갈월동_2015_3,1
갈월동_2015_4,1
갈월동_2016_1,1
갈월동_2016_2,1
갈월동_2016_3,2
갈월동_2016_4,2
갈월동_2017_1,2
갈월동_2017_2,2
갈월동_2017_3,2
갈월동_2017_4,2
갈월동_2018_1,2
갈월동_2018_2,2
갈월동_2018_3,2
갈월동_2018_4,2
갈월동_2019_1,2
갈월동_2019_2,2
갈월동_2019_3,2
갈월동_2019_4,2
갈월동_2020_1,2
갈월동_2020_2,2
갈월동_2020_3,2
갈월동_2020_4,2
갈월동_2021_1,2
갈월동_2021_2,2
도선동_2015_2,1
도선동_2015_3,1
도선동_2015_4,1
도선동_2016_1,1
도선동_2016_2,1
도선동_2016_3,1
도선동_2016_4,1
도선동_2017_1,1
도선동_2017_2,1
도선동_2017_3,1
도선동_2017_4,1
도선동_2018_1,1
도선동_2018_2,1
도선동_2018_3,1
도선동_2018_4,1
도선동_2019_1,1
도선동_2019_2,1
도선동_2019_3,1
도선동_2019_4,1
도선동_2020_1,1
도선동_2020_2,1
도선동_2020_3,1
도선동_2020_4,1
도선동_2021_1,1
도선동_2021_2,1
충무로5가_2018_2,1
충무로5가_2018_3,1
충무로5가_2018_4,1
충무로5가_2019_1,1
충무로5가_2019_2,1
충무로5가_2019_3,1
충무로5가_2019_4,1
충무로5가_2020_1,1
충무로5가_2020_2,1
충무로5가_2020_3,1
충무로5가_2020_4,1
충무로5가_2021_1,1
충무로5가_2021_2,1
행당동_2014_1,2
행당동_2014_2,2
행당동_2014_3,2
행당동_2021_2,2
동빙고동_2014_1,1
동빙고동_2014_2,1
동빙고동_2014_3,1
동빙고동_2014_4,1
동빙고동_2015_1,1
동빙고동_2015_2,1
동빙고동_2015_3,1
동빙고동_2015_4,1
동빙고동_2016_1,1
동빙고동_2016_2,1
동빙고동_2016_3,1
동빙고동_2016_4,1
동빙고동_2017_1,1
동빙고동_2017_2,1
동빙고동_2017_3,1
동빙고동_2017_4,1
동빙고동_2018_1,1
동빙고동_2018_2,1
동빙고동_2018_3,1
동빙고동_2018_4,1
동빙고동_2019_1,1
동빙고동_2019_2,1
동빙고동_2019_3,1
동빙고동_2019_4,1
동빙고동_2020_1,1
동빙고동_2020_2,1
동빙고동_2020_3,1
동빙고동_2020_4,1
동빙고동_2021_1,1
동빙고동_2021_2,1
한강로2가_2017_3,1
한강로2가_2017_4,1
한강로2가_2018_1,2
한강로2가_2018_2,2
한강로2가_2018_3,2
한강로2가_2018_4,2
한강로2가_2019_1,2
한강로2가_2019_2,2
한강로2가_2019_3,2
한강로2가_2019_4,2
한강로2가_2020_1,2
한강로2가_2020_2,2
한강로2가_2020_3,2
한강로2가_2020_4,2
한강로2가_2021_1,2
한강로2가_2021_2,2
당주동_2019_3,1
당주동_2019_4,1
당주동_2020_1,1
당주동_2020_2,1
당주동_2020_3,1
당주동_2020_4,1
당주동_2021_1,1
당주동_2021_2,1
길음동_2019_3,2
길음동_2019_4,2
길음동_2020_1,2
길음동_2020_2,2
길음동_2020_3,2
길음동_2020_4,2
길음동_2021_1,2
길음동_2021_2,2
대조동_2019_3,2
대조동_2019_4,2
대조동_2020_1,2
대조동_2020_2,2
대조동_2020_3,2
대조동_2020_4,2
대조동_2021_1,2
대조동_2021_2,2
저동2가_2014_4,1
저동2가_2015_1,1
저동2가_2015_2,1
저동2가_2015_3,1
저동2가_2015_4,1
저동2가_2016_1,1
저동2가_2016_2,1
저동2가_2016_3,1
저동2가_2016_4,1
저동2가_2017_1,1
저동2가_2017_2,1
저동2가_2017_3,1
저동2가_2017_4,1
저동2가_2018_1,1
저동2가_2018_2,1
저동2가_2018_3,1
저동2가_2018_4,1
저동2가_2019_1,1
저동2가_2019_2,1
저동2가_2019_3,1
저동2가_2019_4,1
저동2가_2020_1,1
저동2가_2020_2,1
저동2가_2020_3,1
저동2가_2020_4,1
저동2가_2021_1,1
저동2가_2021_2,1
충무로1가_2016_2,3
충무로1가_2016_3,3
충무로1가_2016_4,3
충무로1가_2017_1,3
충무로1가_2017_2,4
충무로1가_2017_3,4
충무로1가_2017_4,4
충무로1가_2018_1,4
충무로1가_2018_2,4
충무로1가_2018_3,4
충무로1가_2018_4,4
충무로1가_2019_1,4
충무로1가_2019_2,4
충무로1가_2019_3,4
충무로1가_2019_4,4
충무로1가_2020_1,4
충무로1가_2020_2,4
충무로1가_2020_3,4
충무로1가_2020_4,4
충무로1가_2021_1,4
충무로1가_2021_2,4
홍제동_2017_1,1
홍제동_2017_2,1
홍제동_2017_3,1
홍제동_2017_4,1
홍제동_2018_1,1
홍제동_2018_2,1
홍제동_2018_3,1
홍제동_2018_4,1
홍제동_2019_1,1
홍제동_2019_2,1
홍제동_2019_3,1
홍제동_2019_4,1
홍제동_2020_1,1
홍제동_2020_2,1
홍제동_2020_3,1
홍제동_2020_4,1
홍제동_2021_1,1
홍제동_2021_2,1
성수동2가_2014_1,1
성수동2가_2014_2,1
성수동2가_2014_3,1
성수동2가_2014_4,1
성수동2가_2015_1,1
성수동2가_2015_2,1
성수동2가_2015_3,1
성수동2가_2015_4,1
성수동2가_2016_1,1
성수동2가_2016_2,1
성수동2가_2016_3,1
성수동2가_2016_4,1
성수동2가_2017_1,1
성수동2가_2017_2,1
명동2가_2016_3,3
명동2가_2016_4,3
명동2가_2017_1,3
명동2가_2017_2,3
명동2가_2017_3,3
명동2가_2017_4,3
명동2가_2018_1,3
명동2가_2018_2,3
명동2가_2018_3,3
명동2가_2018_4,3
명동2가_2019_1,3
명동2가_2019_2,3
명동2가_2019_3,3
명동2가_2019_4,3
명동2가_2020_1,3
명동2가_2020_2,3
명동2가_2020_3,3
명동2가_2020_4,3
명동2가_2021_1,3
명동2가_2021_2,3
성북동1가_2014_1,1
성북동1가_2014_2,1
성북동1가_2014_3,1
성북동1가_2014_4,1
성북동1가_2015_1,1
성북동1가_2015_2,1
성북동1가_2015_3,1
성북동1가_2015_4,1
성북동1가_2016_1,1
성북동1가_2016_2,1
성북동1가_2016_3,1
성북동1가_2016_4,1
성북동1가_2017_1,1
성북동1가_2017_2,1
성북동1가_2017_3,1
성북동1가_2017_4,1
성북동1가_2018_1,1
성북동1가_2018_2,1
성북동1가_2018_3,1
성북동1가_2018_4,1
성북동1가_2019_1,1
성북동1가_2019_2,1
성북동1가_2019_3,1
성북동1가_2019_4,1
성북동1가_2020_1,1
성북동1가_2020_2,1
성북동1가_2020_3,1
성북동1가_2020_4,1
성북동1가_2021_1,1
성북동1가_2021_2,1
신정동_2016_4,1
신정동_2017_1,1
신정동_2017_2,1
신정동_2017_3,2
신정동_2017_4,3
신정동_2018_1,3
신정동_2018_2,3
신정동_2018_3,3
신정동_2018_4,3
신정동_2019_1,3
신정동_2019_2,3
신정동_2019_3,3
신정동_2019_4,3
신정동_2020_1,3
신정동_2020_2,3
신정동_2020_3,3
신정동_2020_4,3
신정동_2021_1,3
신당동_2015_1,1
신당동_2015_2,1
신당동_2015_3,1
신당동_2015_4,1
신당동_2016_1,1
신당동_2016_2,1
신당동_2016_3,1
신당동_2016_4,1
신당동_2017_1,1
신당동_2017_2,1
신당동_2017_3,1
신당동_2017_4,1
신당동_2018_1,1
신당동_2018_2,1
신당동_2018_3,1
신당동_2018_4,1
신당동_2019_1,1
신당동_2019_2,1
신당동_2019_3,1
신당동_2019_4,1
신당동_2020_1,1
신당동_2020_2,1
신당동_2020_3,1
신당동_2020_4,1
신당동_2021_1,1
신당동_2021_2,1
태평로1가_2016_1,1
태평로1가_2016_2,1
태평로1가_2016_3,1
태평로1가_2016_4,1
태평로1가_2017_1,1
태평로1가_2017_2,1
태평로1가_2017_3,1
태평로1가_2017_4,1
태평로1가_2018_1,1
태평로1가_2018_2,1
태평로1가_2018_3,1
태평로1가_2018_4,1
태평로1가_2019_1,1
태평로1가_2019_2,1
태평로1가_2019_3,1
태평로1가_2019_4,1
태평로1가_2020_1,1
태평로1가_2020_2,1
태평로1가_2020_3,1
태평로1가_2020_4,1
태평로1가_2021_1,1
태평로1가_2021_2,1
을지로2가_2016_3,4
을지로2가_2016_4,4
을지로2가_2017_1,4
을지로2가_2017_2,5
을지로2가_2017_3,5
을지로2가_2017_4,5
을지로2가_2018_1,5
을지로2가_2018_2,5
을지로2가_2018_3,5
을지로2가_2018_4,5
을지로2가_2019_1,5
을지로2가_2019_2,5
을지로2가_2019_3,5
을지로2가_2019_4,5
을지로2가_2020_1,5
을지로2가_2020_2,5
을지로2가_2020_3,5
을지로2가_2020_4,5
을지로2가_2021_1,5
을지로2가_2021_2,5
충정로3가_2014_1,2
충정로3가_2014_2,2
충정로3가_2014_3,2
충정로3가_2014_4,2
충정로3가_2015_1,2
충정로3가_2015_2,2
충정로3가_2015_3,2
충정로3가_2015_4,2
충정로3가_2016_1,2
충정로3가_2016_2,2
충정로3가_2016_3,2
충정로3가_2016_4,2
충정로3가_2017_1,2
충정로3가_2017_2,2
충정로3가_2017_3,2
충정로3가_2017_4,2
충정로3가_2018_1,2
충정로3가_2018_2,2
충정로3가_2018_3,2
충정로3가_2018_4,2
충정로3가_2019_1,2
충정로3가_2019_2,2
충정로3가_2019_3,2
충정로3가_2019_4,2
충정로3가_2020_1,2
충정로3가_2020_2,2
충정로3가_2020_3,2
충정로3가_2020_4,2
충정로3가_2021_1,2
충정로3가_2021_2,2
길음동_2014_1,1
길음동_2014_2,1
길음동_2014_3,1
길음동_2014_4,1
길음동_2015_1,1
길음동_2015_2,1
길음동_2015_3,1
길음동_2015_4,1
길음동_2016_1,1
길음동_2016_2,1
길음동_2016_3,1
길음동_2016_4,1
길음동_2017_1,1
길음동_2017_2,1
길음동_2017_3,1
길음동_2017_4,1
길음동_2018_1,1
길음동_2018_2,1
길음동_2018_3,1
길음동_2018_4,1
길음동_2019_1,1
길음동_2019_2,1
삼각동_2015_4,1
삼각동_2016_1,1
삼각동_2016_2,1
삼각동_2016_3,1
삼각동_2016_4,1
삼각동_2017_1,1
삼각동_2017_2,1
삼각동_2017_3,1
삼각동_2017_4,1
삼각동_2018_1,1
삼각동_2018_2,1
삼각동_2018_3,1
삼각동_2018_4,1
삼각동_2019_1,1
삼각동_2019_2,1
삼각동_2019_3,1
삼각동_2019_4,1
삼각동_2020_1,1
삼각동_2020_2,1
삼각동_2020_3,1
삼각동_2020_4,1
삼각동_2021_1,1
삼각동_2021_2,1
불광동_2017_4,1
불광동_2018_1,1
불광동_2018_2,1
불광동_2018_3,1
불광동_2018_4,1
불광동_2019_1,1
불광동_2019_2,1
불광동_2019_3,1
불광동_2019_4,1
불광동_2020_1,1
불광동_2020_2,1
불광동_2020_3,1
불광동_2020_4,1
불광동_2021_1,1
불광동_2021_2,1
용산동2가_2016_1,1
용산동2가_2016_2,1
용산동2가_2016_3,1
용산동2가_2016_4,1
용산동2가_2017_1,1
용산동2가_2017_2,1
용산동2가_2017_3,1
용산동2가_2017_4,1
용산동2가_2018_1,1
용산동2가_2018_2,1
용산동2가_2018_3,1
용산동2가_2018_4,1
용산동2가_2019_1,1
용산동2가_2019_2,1
용산동2가_2019_3,1
용산동2가_2019_4,1
용산동2가_2020_1,1
용산동2가_2020_2,1
용산동2가_2020_3,1
용산동2가_2020_4,1
용산동2가_2021_1,1
용산동2가_2021_2,1
진관동_2018_1,2
진관동_2018_2,2
진관동_2018_3,2
진관동_2018_4,2
진관동_2019_1,2
진관동_2019_2,2
진관동_2019_3,2
진관동_2019_4,2
진관동_2020_1,2
진관동_2020_2,2
진관동_2020_3,2
진관동_2020_4,2
진관동_2021_1,2
진관동_2021_2,2
흥인동_2016_3,2
흥인동_2016_4,2
흥인동_2017_1,2
흥인동_2017_2,2
흥인동_2017_3,2
흥인동_2017_4,2
흥인동_2018_1,2
흥인동_2018_2,2
흥인동_2018_3,2
흥인동_2018_4,2
흥인동_2019_1,2
흥인동_2019_2,2
흥인동_2019_3,2
흥인동_2019_4,2
흥인동_2020_1,2
흥인동_2020_2,2
흥인동_2020_3,2
흥인동_2020_4,2
흥인동_2021_1,2
흥인동_2021_2,2
흥인동_2014_1,1
흥인동_2014_2,1
흥인동_2014_3,1
흥인동_2014_4,1
흥인동_2015_1,1
흥인동_2015_2,1
흥인동_2015_3,1
흥인동_2015_4,1
흥인동_2016_1,1
흥인동_2016_2,1
다동_2017_3,1
다동_2017_4,1
다동_2018_1,1
다동_2018_2,1
다동_2018_3,1
다동_2018_4,1
다동_2019_1,1
다동_2019_2,1
다동_2019_3,1
다동_2019_4,1
다동_2020_1,1
다동_2020_2,1
다동_2020_3,1
다동_2020_4,1
다동_2021_1,1
다동_2021_2,1
용산동5가_2017_1,1
용산동5가_2017_2,1
용산동5가_2017_3,1
용산동5가_2017_4,1
용산동5가_2018_1,1
용산동5가_2018_2,1
용산동5가_2018_3,1
용산동5가_2018_4,1
용산동5가_2019_1,1
용산동5가_2019_2,1
용산동5가_2019_3,1
용산동5가_2019_4,1
용산동5가_2020_1,1
용산동5가_2020_2,1
용산동5가_2020_3,1
용산동5가_2020_4,1
용산동5가_2021_1,1
용산동5가_2021_2,1
충무로2가_2015_4,1
충무로2가_2016_1,1
충무로2가_2016_2,1
충무로2가_2016_3,1
충무로2가_2016_4,1
충무로2가_2017_1,1
충무로2가_2017_2,1
충무로2가_2017_3,1
충무로2가_2017_4,1
충무로2가_2018_1,1
충무로2가_2018_2,1
충무로2가_2018_3,1
충무로2가_2018_4,1
충무로2가_2019_1,1
충무로2가_2019_2,1
충무로2가_2019_3,1
충무로2가_2019_4,1
충무로2가_2020_1,1
충무로2가_2020_2,1
충무로2가_2020_3,1
충무로2가_2020_4,1
충무로2가_2021_1,1
충무로2가_2021_2,1
동선동1가_2014_1,1
동선동1가_2014_2,1
동선동1가_2014_3,1
동선동1가_2014_4,1
동선동1가_2015_1,1
동선동1가_2015_2,1
동선동1가_2015_3,1
동선동1가_2015_4,1
동선동1가_2016_1,1
동선동1가_2016_2,1
동선동1가_2016_3,1
동선동1가_2016_4,1
동선동1가_2017_1,1
동선동1가_2017_2,1
동선동1가_2017_3,1
동선동1가_2017_4,1
동선동1가_2018_1,1
동선동1가_2018_2,1
동선동1가_2018_3,1
동선동1가_2018_4,1
동선동1가_2019_1,1
동선동1가_2019_2,1
동선동1가_2019_3,1
동선동1가_2019_4,1
동선동1가_2020_1,1
동선동1가_2020_2,1
동선동1가_2020_3,1
동선동1가_2020_4,1
동선동1가_2021_1,1
동선동1가_2021_2,1
충무로1가_2015_4,2
충무로1가_2016_1,2
동자동_2014_1,1
동자동_2014_2,1
동자동_2014_3,1
동자동_2014_4,1
동자동_2015_1,1
동자동_2015_2,1
동자동_2015_3,1
동자동_2015_4,1
동자동_2016_1,1
동자동_2016_2,1
동자동_2016_3,1
동자동_2016_4,1
동자동_2017_1,1
동자동_2017_2,1
동자동_2017_3,1
동자동_2017_4,1
동자동_2018_1,1
동자동_2018_2,1
동자동_2018_3,1
동자동_2018_4,1
동자동_2019_1,1
동자동_2019_2,1
동자동_2019_3,1
동자동_2019_4,1
동자동_2020_1,1
동자동_2020_2,1
동자동_2020_3,1
동자동_2020_4,1
동자동_2021_1,1
을지로1가_2014_1,2
을지로1가_2014_2,2
을지로1가_2014_3,2
을지로1가_2014_4,2
을지로1가_2015_1,2
을지로1가_2015_2,2
을지로1가_2015_3,2
을지로1가_2015_4,2
을지로1가_2016_1,2
을지로1가_2016_2,2
을지로1가_2016_3,2
을지로1가_2016_4,2
을지로1가_2017_1,2
을지로1가_2017_2,2
을지로1가_2017_3,2
을지로1가_2017_4,2
을지로1가_2018_1,2
을지로1가_2018_2,2
을지로1가_2018_3,2
을지로1가_2018_4,2
을지로1가_2019_1,2
을지로1가_2019_2,2
을지로1가_2019_3,2
을지로1가_2019_4,2
을지로1가_2020_1,2
을지로1가_2020_2,2
을지로1가_2020_3,2
을지로1가_2020_4,2
을지로1가_2021_1,2
을지로1가_2021_2,2
하왕십리동_2017_1,1
연희동_2015_1,1
연희동_2015_2,1
연희동_2015_3,1
연희동_2015_4,1
연희동_2016_1,1
연희동_2016_2,1
연희동_2016_3,1
연희동_2016_4,1
연희동_2017_1,2
연희동_2017_2,2
연희동_2017_3,2
연희동_2017_4,2
연희동_2018_1,2
연희동_2018_2,2
연희동_2018_3,2
연희동_2018_4,2
연희동_2019_1,2
연희동_2019_2,2
연희동_2019_3,2
연희동_2019_4,2
연희동_2020_1,2
연희동_2020_2,2
연희동_2020_3,2
연희동_2020_4,2
연희동_2021_1,2
연희동_2021_2,2
장충동1가_2016_4,1
장충동1가_2017_1,1
장충동1가_2017_2,1
장충동1가_2017_3,1
장충동1가_2017_4,1
장충동1가_2018_1,1
장충동1가_2018_2,1
장충동1가_2018_3,1
장충동1가_2018_4,1
장충동1가_2019_1,1
장충동1가_2019_2,1
장충동1가_2019_3,1
장충동1가_2019_4,1
장충동1가_2020_1,1
장충동1가_2020_2,1
장충동1가_2020_3,1
장충동1가_2020_4,1
장충동1가_2021_1,1
장충동1가_2021_2,1
북아현동_2017_2,1
북아현동_2017_3,1
북아현동_2017_4,1
북아현동_2018_1,1
북아현동_2018_2,1
북아현동_2018_3,1
북아현동_2018_4,1
북아현동_2019_1,1
북아현동_2019_2,1
북아현동_2019_3,1
북아현동_2019_4,1
북아현동_2020_1,1
북아현동_2020_2,1
북아현동_2020_3,1
북아현동_2020_4,1
북아현동_2021_1,1
북아현동_2021_2,1
회현동1가_2014_1,1
회현동1가_2014_2,1
회현동1가_2014_3,1
회현동1가_2014_4,1
회현동1가_2015_1,1
회현동1가_2015_2,1
회현동1가_2015_3,1
회현동1가_2015_4,1
회현동1가_2016_1,1
회현동1가_2016_2,1
회현동1가_2016_3,1
회현동1가_2016_4,1
회현동1가_2017_1,1
회현동1가_2017_2,1
회현동1가_2017_3,1
회현동1가_2017_4,1
회현동1가_2018_1,1
회현동1가_2018_2,1
회현동1가_2018_3,1
회현동1가_2018_4,1
회현동1가_2019_1,1
회현동1가_2019_2,1
회현동1가_2019_3,1
회현동1가_2019_4,1
회현동1가_2020_1,1
회현동1가_2020_2,1
회현동1가_2020_3,1
회현동1가_2020_4,1
회현동1가_2021_1,1
회현동1가_2021_2,1
충무로1가_2015_1,1
충무로1가_2015_2,1
충무로1가_2015_3,1
진관동_2015_3,1
진관동_2015_4,1
진관동_2016_1,1
진관동_2016_2,1
진관동_2016_3,1
진관동_2016_4,1
진관동_2017_1,1
진관동_2017_2,1
진관동_2017_3,1
진관동_2017_4,1
광희동1가_2017_1,1
광희동1가_2017_2,1
광희동1가_2017_3,1
광희동1가_2017_4,1
광희동1가_2018_1,1
광희동1가_2018_2,1
광희동1가_2018_3,1
광희동1가_2018_4,1
광희동1가_2019_1,1
광희동1가_2019_2,1
광희동1가_2019_3,1
광희동1가_2019_4,1
광희동1가_2020_1,1
광희동1가_2020_2,1
광희동1가_2020_3,1
광희동1가_2020_4,1
광희동1가_2021_1,1
광희동1가_2021_2,1
암사동_2019_1,1
암사동_2019_2,1
암사동_2019_3,1
암사동_2019_4,1
암사동_2020_1,1
암사동_2020_2,1
암사동_2020_3,1
암사동_2020_4,1
암사동_2021_1,1
암사동_2021_2,1
영등포동1가_2019_1,1
영등포동1가_2019_2,1
영등포동1가_2019_3,1
영등포동1가_2019_4,1
영등포동1가_2020_1,1
영등포동1가_2020_2,1
영등포동1가_2020_3,1
영등포동1가_2020_4,1
영등포동1가_2021_1,1
영등포동1가_2021_2,1
신대방동_2019_2,1
신대방동_2019_3,1
신대방동_2019_4,1
신대방동_2020_1,1
신대방동_2020_2,1
신대방동_2020_3,1
신대방동_2020_4,1
신대방동_2021_1,1
신대방동_2021_2,1
창전동_2016_4,1
창전동_2017_1,1
창전동_2017_2,1
창전동_2017_3,1
창전동_2017_4,1
창전동_2018_1,1
창전동_2018_2,1
창전동_2018_3,1
창전동_2018_4,1
창전동_2019_1,1
창전동_2019_2,1
창전동_2019_3,1
창전동_2019_4,1
창전동_2020_1,1
창전동_2020_2,1
창전동_2020_3,1
창전동_2020_4,1
창전동_2021_1,1
창전동_2021_2,1
공덕동_2019_4,1
공덕동_2020_1,1
공덕동_2020_2,1
공덕동_2020_3,1
공덕동_2020_4,1
공덕동_2021_1,1
공덕동_2021_2,1
대흥동_2016_4,1
대흥동_2017_1,1
대흥동_2017_2,1
대흥동_2017_3,1
대흥동_2017_4,1
대흥동_2018_1,1
대흥동_2018_2,1
대흥동_2018_3,1
대흥동_2018_4,1
대흥동_2019_1,1
대흥동_2019_2,1
대흥동_2019_3,1
대흥동_2019_4,1
대흥동_2020_1,1
대흥동_2020_2,1
대흥동_2020_3,1
대흥동_2020_4,1
대흥동_2021_1,1
대흥동_2021_2,1
